source,series_id,region,period_start,period_end,reason
eia,natural-gas/pri/fut:RNGWHHD:daily,US,2018-01-05,2018-01-05,EIA published no price for this day
ember,ember:daily:day_ahead_price,EL,2026-06-30,2026-06-30,Ember published no price
ember,ember:daily:day_ahead_price,HR,2026-06-30,2026-06-30,Ember published no price
ember,ember:daily:day_ahead_price,HU,2026-06-30,2026-06-30,Ember published no price
ember,ember:daily:day_ahead_price,MK,2025-03-09,2025-03-09,Ember published no price
ember,ember:daily:day_ahead_price,MK,2025-03-10,2025-03-10,Ember published no price
ember,ember:daily:day_ahead_price,MK,2025-04-18,2025-04-18,Ember published no price
ember,ember:daily:day_ahead_price,MK,2025-04-19,2025-04-19,Ember published no price
ember,ember:daily:day_ahead_price,MK,2025-04-20,2025-04-20,Ember published no price
ember,ember:daily:day_ahead_price,MK,2025-04-21,2025-04-21,Ember published no price
ember,ember:daily:day_ahead_price,MK,2025-04-22,2025-04-22,Ember published no price
ember,ember:daily:day_ahead_price,MK,2025-04-23,2025-04-23,Ember published no price
ember,ember:daily:day_ahead_price,MK,2025-05-16,2025-05-16,Ember published no price
ember,ember:daily:day_ahead_price,MK,2025-05-17,2025-05-17,Ember published no price
ember,ember:daily:day_ahead_price,MK,2025-05-18,2025-05-18,Ember published no price
ember,ember:daily:day_ahead_price,MK,2025-05-19,2025-05-19,Ember published no price
ember,ember:daily:day_ahead_price,MK,2025-05-20,2025-05-20,Ember published no price
ember,ember:daily:day_ahead_price,MK,2025-07-06,2025-07-06,Ember published no price
ember,ember:daily:day_ahead_price,MK,2025-07-07,2025-07-07,Ember published no price
ember,ember:daily:day_ahead_price,MK,2025-08-18,2025-08-18,Ember published no price
ember,ember:daily:day_ahead_price,MK,2025-08-19,2025-08-19,Ember published no price
ember,ember:daily:day_ahead_price,MK,2025-09-07,2025-09-07,Ember published no price
ember,ember:daily:day_ahead_price,MK,2025-09-08,2025-09-08,Ember published no price
ember,ember:daily:day_ahead_price,MK,2025-09-09,2025-09-09,Ember published no price
ember,ember:daily:day_ahead_price,MK,2025-09-23,2025-09-23,Ember published no price
ember,ember:daily:day_ahead_price,MK,2025-09-24,2025-09-24,Ember published no price
ember,ember:daily:day_ahead_price,NL,2026-06-30,2026-06-30,Ember published no price
ember,ember:daily:day_ahead_price,RO,2026-06-30,2026-06-30,Ember published no price
ember,ember:daily:day_ahead_price,SI,2026-05-01,2026-05-01,Ember published no price
ember,ember:daily:day_ahead_price,SI,2026-05-02,2026-05-02,Ember published no price
ember,ember:daily:day_ahead_price,SI,2026-05-03,2026-05-03,Ember published no price
ember,ember:daily:day_ahead_price,SI,2026-05-04,2026-05-04,Ember published no price
ember,ember:daily:day_ahead_price,SI,2026-05-05,2026-05-05,Ember published no price
ember,ember:daily:day_ahead_price,SI,2026-05-06,2026-05-06,Ember published no price
ember,ember:daily:day_ahead_price,SI,2026-05-07,2026-05-07,Ember published no price
ember,ember:daily:day_ahead_price,SI,2026-05-08,2026-05-08,Ember published no price
ember,ember:daily:day_ahead_price,SI,2026-05-09,2026-05-09,Ember published no price
ember,ember:daily:day_ahead_price,SI,2026-05-10,2026-05-10,Ember published no price
ember,ember:daily:day_ahead_price,SI,2026-05-11,2026-05-11,Ember published no price
ember,ember:daily:day_ahead_price,SI,2026-05-12,2026-05-12,Ember published no price
ember,ember:daily:day_ahead_price,SI,2026-05-13,2026-05-13,Ember published no price
ember,ember:daily:day_ahead_price,SI,2026-05-14,2026-05-14,Ember published no price
ember,ember:daily:day_ahead_price,SI,2026-05-15,2026-05-15,Ember published no price
ember,ember:daily:day_ahead_price,SI,2026-05-16,2026-05-16,Ember published no price
ember,ember:daily:day_ahead_price,SI,2026-05-17,2026-05-17,Ember published no price
ember,ember:daily:day_ahead_price,SI,2026-05-18,2026-05-18,Ember published no price
ember,ember:daily:day_ahead_price,SI,2026-05-22,2026-05-22,Ember published no price
ember,ember:daily:day_ahead_price,SI,2026-05-23,2026-05-23,Ember published no price
ember,ember:daily:day_ahead_price,SI,2026-05-24,2026-05-24,Ember published no price
ember,ember:daily:day_ahead_price,SI,2026-05-25,2026-05-25,Ember published no price
ember,ember:daily:day_ahead_price,SI,2026-05-26,2026-05-26,Ember published no price
ember,ember:daily:day_ahead_price,SI,2026-05-27,2026-05-27,Ember published no price
ember,ember:daily:day_ahead_price,SI,2026-05-28,2026-05-28,Ember published no price
ember,ember:daily:day_ahead_price,SI,2026-05-29,2026-05-29,Ember published no price
ember,ember:daily:day_ahead_price,SI,2026-05-30,2026-05-30,Ember published no price
ember,ember:daily:day_ahead_price,SI,2026-06-01,2026-06-01,Ember published no price
ember,ember:daily:day_ahead_price,SI,2026-06-02,2026-06-02,Ember published no price
ember,ember:daily:day_ahead_price,SI,2026-06-03,2026-06-03,Ember published no price
ember,ember:daily:day_ahead_price,SI,2026-06-04,2026-06-04,Ember published no price
ember,ember:daily:day_ahead_price,SI,2026-06-05,2026-06-05,Ember published no price
ember,ember:daily:day_ahead_price,SI,2026-06-06,2026-06-06,Ember published no price
ember,ember:daily:day_ahead_price,SI,2026-06-07,2026-06-07,Ember published no price
ember,ember:daily:day_ahead_price,SI,2026-06-08,2026-06-08,Ember published no price
ember,ember:daily:day_ahead_price,SI,2026-06-09,2026-06-09,Ember published no price
ember,ember:daily:day_ahead_price,SI,2026-06-10,2026-06-10,Ember published no price
ember,ember:daily:day_ahead_price,SI,2026-06-11,2026-06-11,Ember published no price
ember,ember:daily:day_ahead_price,SI,2026-06-12,2026-06-12,Ember published no price
ember,ember:daily:day_ahead_price,SI,2026-06-13,2026-06-13,Ember published no price
ember,ember:daily:day_ahead_price,SI,2026-06-14,2026-06-14,Ember published no price
ember,ember:daily:day_ahead_price,SI,2026-06-15,2026-06-15,Ember published no price
ember,ember:daily:day_ahead_price,SI,2026-06-16,2026-06-16,Ember published no price
ember,ember:daily:day_ahead_price,SI,2026-06-17,2026-06-17,Ember published no price
ember,ember:daily:day_ahead_price,SI,2026-06-18,2026-06-18,Ember published no price
ember,ember:daily:day_ahead_price,SI,2026-06-19,2026-06-19,Ember published no price
ember,ember:daily:day_ahead_price,SI,2026-06-20,2026-06-20,Ember published no price
ember,ember:daily:day_ahead_price,SI,2026-06-21,2026-06-21,Ember published no price
ember,ember:daily:day_ahead_price,SI,2026-06-22,2026-06-22,Ember published no price
ember,ember:daily:day_ahead_price,SI,2026-06-23,2026-06-23,Ember published no price
ember,ember:daily:day_ahead_price,SI,2026-06-24,2026-06-24,Ember published no price
ember,ember:daily:day_ahead_price,SI,2026-06-25,2026-06-25,Ember published no price
ember,ember:daily:day_ahead_price,SI,2026-06-26,2026-06-26,Ember published no price
ember,ember:daily:day_ahead_price,SI,2026-06-27,2026-06-27,Ember published no price
ember,ember:daily:day_ahead_price,SI,2026-06-28,2026-06-28,Ember published no price
ember,ember:daily:day_ahead_price,SI,2026-06-29,2026-06-29,Ember published no price
ember,ember:daily:day_ahead_price,SK,2026-06-30,2026-06-30,Ember published no price
ember,ember:monthly:day_ahead_price,MK,2025-03-01,2025-03-31,Ember published no price
ember,ember:monthly:day_ahead_price,MK,2025-04-01,2025-04-30,Ember published no price
ember,ember:monthly:day_ahead_price,MK,2025-05-01,2025-05-31,Ember published no price
ember,ember:monthly:day_ahead_price,MK,2025-07-01,2025-07-31,Ember published no price
ember,ember:monthly:day_ahead_price,MK,2025-08-01,2025-08-31,Ember published no price
ember,ember:monthly:day_ahead_price,MK,2025-09-01,2025-09-30,Ember published no price
worldbank,worldbank:pink_sheet:coal_australia,AU,1960-01-01,1960-01-31,World Bank marks this month not available
worldbank,worldbank:pink_sheet:coal_australia,AU,1960-02-01,1960-02-29,World Bank marks this month not available
worldbank,worldbank:pink_sheet:coal_australia,AU,1960-03-01,1960-03-31,World Bank marks this month not available
worldbank,worldbank:pink_sheet:coal_australia,AU,1960-04-01,1960-04-30,World Bank marks this month not available
worldbank,worldbank:pink_sheet:coal_australia,AU,1960-05-01,1960-05-31,World Bank marks this month not available
worldbank,worldbank:pink_sheet:coal_australia,AU,1960-06-01,1960-06-30,World Bank marks this month not available
worldbank,worldbank:pink_sheet:coal_australia,AU,1960-07-01,1960-07-31,World Bank marks this month not available
worldbank,worldbank:pink_sheet:coal_australia,AU,1960-08-01,1960-08-31,World Bank marks this month not available
worldbank,worldbank:pink_sheet:coal_australia,AU,1960-09-01,1960-09-30,World Bank marks this month not available
worldbank,worldbank:pink_sheet:coal_australia,AU,1960-10-01,1960-10-31,World Bank marks this month not available
worldbank,worldbank:pink_sheet:coal_australia,AU,1960-11-01,1960-11-30,World Bank marks this month not available
worldbank,worldbank:pink_sheet:coal_australia,AU,1960-12-01,1960-12-31,World Bank marks this month not available
worldbank,worldbank:pink_sheet:coal_australia,AU,1961-01-01,1961-01-31,World Bank marks this month not available
worldbank,worldbank:pink_sheet:coal_australia,AU,1961-02-01,1961-02-28,World Bank marks this month not available
worldbank,worldbank:pink_sheet:coal_australia,AU,1961-03-01,1961-03-31,World Bank marks this month not available
worldbank,worldbank:pink_sheet:coal_australia,AU,1961-04-01,1961-04-30,World Bank marks this month not available
worldbank,worldbank:pink_sheet:coal_australia,AU,1961-05-01,1961-05-31,World Bank marks this month not available
worldbank,worldbank:pink_sheet:coal_australia,AU,1961-06-01,1961-06-30,World Bank marks this month not available
worldbank,worldbank:pink_sheet:coal_australia,AU,1961-07-01,1961-07-31,World Bank marks this month not available
worldbank,worldbank:pink_sheet:coal_australia,AU,1961-08-01,1961-08-31,World Bank marks this month not available
worldbank,worldbank:pink_sheet:coal_australia,AU,1961-09-01,1961-09-30,World Bank marks this month not available
worldbank,worldbank:pink_sheet:coal_australia,AU,1961-10-01,1961-10-31,World Bank marks this month not available
worldbank,worldbank:pink_sheet:coal_australia,AU,1961-11-01,1961-11-30,World Bank marks this month not available
worldbank,worldbank:pink_sheet:coal_australia,AU,1961-12-01,1961-12-31,World Bank marks this month not available
worldbank,worldbank:pink_sheet:coal_australia,AU,1962-01-01,1962-01-31,World Bank marks this month not available
worldbank,worldbank:pink_sheet:coal_australia,AU,1962-02-01,1962-02-28,World Bank marks this month not available
worldbank,worldbank:pink_sheet:coal_australia,AU,1962-03-01,1962-03-31,World Bank marks this month not available
worldbank,worldbank:pink_sheet:coal_australia,AU,1962-04-01,1962-04-30,World Bank marks this month not available
worldbank,worldbank:pink_sheet:coal_australia,AU,1962-05-01,1962-05-31,World Bank marks this month not available
worldbank,worldbank:pink_sheet:coal_australia,AU,1962-06-01,1962-06-30,World Bank marks this month not available
worldbank,worldbank:pink_sheet:coal_australia,AU,1962-07-01,1962-07-31,World Bank marks this month not available
worldbank,worldbank:pink_sheet:coal_australia,AU,1962-08-01,1962-08-31,World Bank marks this month not available
worldbank,worldbank:pink_sheet:coal_australia,AU,1962-09-01,1962-09-30,World Bank marks this month not available
worldbank,worldbank:pink_sheet:coal_australia,AU,1962-10-01,1962-10-31,World Bank marks this month not available
worldbank,worldbank:pink_sheet:coal_australia,AU,1962-11-01,1962-11-30,World Bank marks this month not available
worldbank,worldbank:pink_sheet:coal_australia,AU,1962-12-01,1962-12-31,World Bank marks this month not available
worldbank,worldbank:pink_sheet:coal_australia,AU,1963-01-01,1963-01-31,World Bank marks this month not available
worldbank,worldbank:pink_sheet:coal_australia,AU,1963-02-01,1963-02-28,World Bank marks this month not available
worldbank,worldbank:pink_sheet:coal_australia,AU,1963-03-01,1963-03-31,World Bank marks this month not available
worldbank,worldbank:pink_sheet:coal_australia,AU,1963-04-01,1963-04-30,World Bank marks this month not available
worldbank,worldbank:pink_sheet:coal_australia,AU,1963-05-01,1963-05-31,World Bank marks this month not available
worldbank,worldbank:pink_sheet:coal_australia,AU,1963-06-01,1963-06-30,World Bank marks this month not available
worldbank,worldbank:pink_sheet:coal_australia,AU,1963-07-01,1963-07-31,World Bank marks this month not available
worldbank,worldbank:pink_sheet:coal_australia,AU,1963-08-01,1963-08-31,World Bank marks this month not available
worldbank,worldbank:pink_sheet:coal_australia,AU,1963-09-01,1963-09-30,World Bank marks this month not available
worldbank,worldbank:pink_sheet:coal_australia,AU,1963-10-01,1963-10-31,World Bank marks this month not available
worldbank,worldbank:pink_sheet:coal_australia,AU,1963-11-01,1963-11-30,World Bank marks this month not available
worldbank,worldbank:pink_sheet:coal_australia,AU,1963-12-01,1963-12-31,World Bank marks this month not available
worldbank,worldbank:pink_sheet:coal_australia,AU,1964-01-01,1964-01-31,World Bank marks this month not available
worldbank,worldbank:pink_sheet:coal_australia,AU,1964-02-01,1964-02-29,World Bank marks this month not available
worldbank,worldbank:pink_sheet:coal_australia,AU,1964-03-01,1964-03-31,World Bank marks this month not available
worldbank,worldbank:pink_sheet:coal_australia,AU,1964-04-01,1964-04-30,World Bank marks this month not available
worldbank,worldbank:pink_sheet:coal_australia,AU,1964-05-01,1964-05-31,World Bank marks this month not available
worldbank,worldbank:pink_sheet:coal_australia,AU,1964-06-01,1964-06-30,World Bank marks this month not available
worldbank,worldbank:pink_sheet:coal_australia,AU,1964-07-01,1964-07-31,World Bank marks this month not available
worldbank,worldbank:pink_sheet:coal_australia,AU,1964-08-01,1964-08-31,World Bank marks this month not available
worldbank,worldbank:pink_sheet:coal_australia,AU,1964-09-01,1964-09-30,World Bank marks this month not available
worldbank,worldbank:pink_sheet:coal_australia,AU,1964-10-01,1964-10-31,World Bank marks this month not available
worldbank,worldbank:pink_sheet:coal_australia,AU,1964-11-01,1964-11-30,World Bank marks this month not available
worldbank,worldbank:pink_sheet:coal_australia,AU,1964-12-01,1964-12-31,World Bank marks this month not available
worldbank,worldbank:pink_sheet:coal_australia,AU,1965-01-01,1965-01-31,World Bank marks this month not available
worldbank,worldbank:pink_sheet:coal_australia,AU,1965-02-01,1965-02-28,World Bank marks this month not available
worldbank,worldbank:pink_sheet:coal_australia,AU,1965-03-01,1965-03-31,World Bank marks this month not available
worldbank,worldbank:pink_sheet:coal_australia,AU,1965-04-01,1965-04-30,World Bank marks this month not available
worldbank,worldbank:pink_sheet:coal_australia,AU,1965-05-01,1965-05-31,World Bank marks this month not available
worldbank,worldbank:pink_sheet:coal_australia,AU,1965-06-01,1965-06-30,World Bank marks this month not available
worldbank,worldbank:pink_sheet:coal_australia,AU,1965-07-01,1965-07-31,World Bank marks this month not available
worldbank,worldbank:pink_sheet:coal_australia,AU,1965-08-01,1965-08-31,World Bank marks this month not available
worldbank,worldbank:pink_sheet:coal_australia,AU,1965-09-01,1965-09-30,World Bank marks this month not available
worldbank,worldbank:pink_sheet:coal_australia,AU,1965-10-01,1965-10-31,World Bank marks this month not available
worldbank,worldbank:pink_sheet:coal_australia,AU,1965-11-01,1965-11-30,World Bank marks this month not available
worldbank,worldbank:pink_sheet:coal_australia,AU,1965-12-01,1965-12-31,World Bank marks this month not available
worldbank,worldbank:pink_sheet:coal_australia,AU,1966-01-01,1966-01-31,World Bank marks this month not available
worldbank,worldbank:pink_sheet:coal_australia,AU,1966-02-01,1966-02-28,World Bank marks this month not available
worldbank,worldbank:pink_sheet:coal_australia,AU,1966-03-01,1966-03-31,World Bank marks this month not available
worldbank,worldbank:pink_sheet:coal_australia,AU,1966-04-01,1966-04-30,World Bank marks this month not available
worldbank,worldbank:pink_sheet:coal_australia,AU,1966-05-01,1966-05-31,World Bank marks this month not available
worldbank,worldbank:pink_sheet:coal_australia,AU,1966-06-01,1966-06-30,World Bank marks this month not available
worldbank,worldbank:pink_sheet:coal_australia,AU,1966-07-01,1966-07-31,World Bank marks this month not available
worldbank,worldbank:pink_sheet:coal_australia,AU,1966-08-01,1966-08-31,World Bank marks this month not available
worldbank,worldbank:pink_sheet:coal_australia,AU,1966-09-01,1966-09-30,World Bank marks this month not available
worldbank,worldbank:pink_sheet:coal_australia,AU,1966-10-01,1966-10-31,World Bank marks this month not available
worldbank,worldbank:pink_sheet:coal_australia,AU,1966-11-01,1966-11-30,World Bank marks this month not available
worldbank,worldbank:pink_sheet:coal_australia,AU,1966-12-01,1966-12-31,World Bank marks this month not available
worldbank,worldbank:pink_sheet:coal_australia,AU,1967-01-01,1967-01-31,World Bank marks this month not available
worldbank,worldbank:pink_sheet:coal_australia,AU,1967-02-01,1967-02-28,World Bank marks this month not available
worldbank,worldbank:pink_sheet:coal_australia,AU,1967-03-01,1967-03-31,World Bank marks this month not available
worldbank,worldbank:pink_sheet:coal_australia,AU,1967-04-01,1967-04-30,World Bank marks this month not available
worldbank,worldbank:pink_sheet:coal_australia,AU,1967-05-01,1967-05-31,World Bank marks this month not available
worldbank,worldbank:pink_sheet:coal_australia,AU,1967-06-01,1967-06-30,World Bank marks this month not available
worldbank,worldbank:pink_sheet:coal_australia,AU,1967-07-01,1967-07-31,World Bank marks this month not available
worldbank,worldbank:pink_sheet:coal_australia,AU,1967-08-01,1967-08-31,World Bank marks this month not available
worldbank,worldbank:pink_sheet:coal_australia,AU,1967-09-01,1967-09-30,World Bank marks this month not available
worldbank,worldbank:pink_sheet:coal_australia,AU,1967-10-01,1967-10-31,World Bank marks this month not available
worldbank,worldbank:pink_sheet:coal_australia,AU,1967-11-01,1967-11-30,World Bank marks this month not available
worldbank,worldbank:pink_sheet:coal_australia,AU,1967-12-01,1967-12-31,World Bank marks this month not available
worldbank,worldbank:pink_sheet:coal_australia,AU,1968-01-01,1968-01-31,World Bank marks this month not available
worldbank,worldbank:pink_sheet:coal_australia,AU,1968-02-01,1968-02-29,World Bank marks this month not available
worldbank,worldbank:pink_sheet:coal_australia,AU,1968-03-01,1968-03-31,World Bank marks this month not available
worldbank,worldbank:pink_sheet:coal_australia,AU,1968-04-01,1968-04-30,World Bank marks this month not available
worldbank,worldbank:pink_sheet:coal_australia,AU,1968-05-01,1968-05-31,World Bank marks this month not available
worldbank,worldbank:pink_sheet:coal_australia,AU,1968-06-01,1968-06-30,World Bank marks this month not available
worldbank,worldbank:pink_sheet:coal_australia,AU,1968-07-01,1968-07-31,World Bank marks this month not available
worldbank,worldbank:pink_sheet:coal_australia,AU,1968-08-01,1968-08-31,World Bank marks this month not available
worldbank,worldbank:pink_sheet:coal_australia,AU,1968-09-01,1968-09-30,World Bank marks this month not available
worldbank,worldbank:pink_sheet:coal_australia,AU,1968-10-01,1968-10-31,World Bank marks this month not available
worldbank,worldbank:pink_sheet:coal_australia,AU,1968-11-01,1968-11-30,World Bank marks this month not available
worldbank,worldbank:pink_sheet:coal_australia,AU,1968-12-01,1968-12-31,World Bank marks this month not available
worldbank,worldbank:pink_sheet:coal_australia,AU,1969-01-01,1969-01-31,World Bank marks this month not available
worldbank,worldbank:pink_sheet:coal_australia,AU,1969-02-01,1969-02-28,World Bank marks this month not available
worldbank,worldbank:pink_sheet:coal_australia,AU,1969-03-01,1969-03-31,World Bank marks this month not available
worldbank,worldbank:pink_sheet:coal_australia,AU,1969-04-01,1969-04-30,World Bank marks this month not available
worldbank,worldbank:pink_sheet:coal_australia,AU,1969-05-01,1969-05-31,World Bank marks this month not available
worldbank,worldbank:pink_sheet:coal_australia,AU,1969-06-01,1969-06-30,World Bank marks this month not available
worldbank,worldbank:pink_sheet:coal_australia,AU,1969-07-01,1969-07-31,World Bank marks this month not available
worldbank,worldbank:pink_sheet:coal_australia,AU,1969-08-01,1969-08-31,World Bank marks this month not available
worldbank,worldbank:pink_sheet:coal_australia,AU,1969-09-01,1969-09-30,World Bank marks this month not available
worldbank,worldbank:pink_sheet:coal_australia,AU,1969-10-01,1969-10-31,World Bank marks this month not available
worldbank,worldbank:pink_sheet:coal_australia,AU,1969-11-01,1969-11-30,World Bank marks this month not available
worldbank,worldbank:pink_sheet:coal_australia,AU,1969-12-01,1969-12-31,World Bank marks this month not available
worldbank,worldbank:pink_sheet:coal_south_africa,ZA,1960-01-01,1960-01-31,World Bank marks this month not available
worldbank,worldbank:pink_sheet:coal_south_africa,ZA,1960-02-01,1960-02-29,World Bank marks this month not available
worldbank,worldbank:pink_sheet:coal_south_africa,ZA,1960-03-01,1960-03-31,World Bank marks this month not available
worldbank,worldbank:pink_sheet:coal_south_africa,ZA,1960-04-01,1960-04-30,World Bank marks this month not available
worldbank,worldbank:pink_sheet:coal_south_africa,ZA,1960-05-01,1960-05-31,World Bank marks this month not available
worldbank,worldbank:pink_sheet:coal_south_africa,ZA,1960-06-01,1960-06-30,World Bank marks this month not available
worldbank,worldbank:pink_sheet:coal_south_africa,ZA,1960-07-01,1960-07-31,World Bank marks this month not available
worldbank,worldbank:pink_sheet:coal_south_africa,ZA,1960-08-01,1960-08-31,World Bank marks this month not available
worldbank,worldbank:pink_sheet:coal_south_africa,ZA,1960-09-01,1960-09-30,World Bank marks this month not available
worldbank,worldbank:pink_sheet:coal_south_africa,ZA,1960-10-01,1960-10-31,World Bank marks this month not available
worldbank,worldbank:pink_sheet:coal_south_africa,ZA,1960-11-01,1960-11-30,World Bank marks this month not available
worldbank,worldbank:pink_sheet:coal_south_africa,ZA,1960-12-01,1960-12-31,World Bank marks this month not available
worldbank,worldbank:pink_sheet:coal_south_africa,ZA,1961-01-01,1961-01-31,World Bank marks this month not available
worldbank,worldbank:pink_sheet:coal_south_africa,ZA,1961-02-01,1961-02-28,World Bank marks this month not available
worldbank,worldbank:pink_sheet:coal_south_africa,ZA,1961-03-01,1961-03-31,World Bank marks this month not available
worldbank,worldbank:pink_sheet:coal_south_africa,ZA,1961-04-01,1961-04-30,World Bank marks this month not available
worldbank,worldbank:pink_sheet:coal_south_africa,ZA,1961-05-01,1961-05-31,World Bank marks this month not available
worldbank,worldbank:pink_sheet:coal_south_africa,ZA,1961-06-01,1961-06-30,World Bank marks this month not available
worldbank,worldbank:pink_sheet:coal_south_africa,ZA,1961-07-01,1961-07-31,World Bank marks this month not available
worldbank,worldbank:pink_sheet:coal_south_africa,ZA,1961-08-01,1961-08-31,World Bank marks this month not available
worldbank,worldbank:pink_sheet:coal_south_africa,ZA,1961-09-01,1961-09-30,World Bank marks this month not available
worldbank,worldbank:pink_sheet:coal_south_africa,ZA,1961-10-01,1961-10-31,World Bank marks this month not available
worldbank,worldbank:pink_sheet:coal_south_africa,ZA,1961-11-01,1961-11-30,World Bank marks this month not available
worldbank,worldbank:pink_sheet:coal_south_africa,ZA,1961-12-01,1961-12-31,World Bank marks this month not available
worldbank,worldbank:pink_sheet:coal_south_africa,ZA,1962-01-01,1962-01-31,World Bank marks this month not available
worldbank,worldbank:pink_sheet:coal_south_africa,ZA,1962-02-01,1962-02-28,World Bank marks this month not available
worldbank,worldbank:pink_sheet:coal_south_africa,ZA,1962-03-01,1962-03-31,World Bank marks this month not available
worldbank,worldbank:pink_sheet:coal_south_africa,ZA,1962-04-01,1962-04-30,World Bank marks this month not available
worldbank,worldbank:pink_sheet:coal_south_africa,ZA,1962-05-01,1962-05-31,World Bank marks this month not available
worldbank,worldbank:pink_sheet:coal_south_africa,ZA,1962-06-01,1962-06-30,World Bank marks this month not available
worldbank,worldbank:pink_sheet:coal_south_africa,ZA,1962-07-01,1962-07-31,World Bank marks this month not available
worldbank,worldbank:pink_sheet:coal_south_africa,ZA,1962-08-01,1962-08-31,World Bank marks this month not available
worldbank,worldbank:pink_sheet:coal_south_africa,ZA,1962-09-01,1962-09-30,World Bank marks this month not available
worldbank,worldbank:pink_sheet:coal_south_africa,ZA,1962-10-01,1962-10-31,World Bank marks this month not available
worldbank,worldbank:pink_sheet:coal_south_africa,ZA,1962-11-01,1962-11-30,World Bank marks this month not available
worldbank,worldbank:pink_sheet:coal_south_africa,ZA,1962-12-01,1962-12-31,World Bank marks this month not available
worldbank,worldbank:pink_sheet:coal_south_africa,ZA,1963-01-01,1963-01-31,World Bank marks this month not available
worldbank,worldbank:pink_sheet:coal_south_africa,ZA,1963-02-01,1963-02-28,World Bank marks this month not available
worldbank,worldbank:pink_sheet:coal_south_africa,ZA,1963-03-01,1963-03-31,World Bank marks this month not available
worldbank,worldbank:pink_sheet:coal_south_africa,ZA,1963-04-01,1963-04-30,World Bank marks this month not available
worldbank,worldbank:pink_sheet:coal_south_africa,ZA,1963-05-01,1963-05-31,World Bank marks this month not available
worldbank,worldbank:pink_sheet:coal_south_africa,ZA,1963-06-01,1963-06-30,World Bank marks this month not available
worldbank,worldbank:pink_sheet:coal_south_africa,ZA,1963-07-01,1963-07-31,World Bank marks this month not available
worldbank,worldbank:pink_sheet:coal_south_africa,ZA,1963-08-01,1963-08-31,World Bank marks this month not available
worldbank,worldbank:pink_sheet:coal_south_africa,ZA,1963-09-01,1963-09-30,World Bank marks this month not available
worldbank,worldbank:pink_sheet:coal_south_africa,ZA,1963-10-01,1963-10-31,World Bank marks this month not available
worldbank,worldbank:pink_sheet:coal_south_africa,ZA,1963-11-01,1963-11-30,World Bank marks this month not available
worldbank,worldbank:pink_sheet:coal_south_africa,ZA,1963-12-01,1963-12-31,World Bank marks this month not available
worldbank,worldbank:pink_sheet:coal_south_africa,ZA,1964-01-01,1964-01-31,World Bank marks this month not available
worldbank,worldbank:pink_sheet:coal_south_africa,ZA,1964-02-01,1964-02-29,World Bank marks this month not available
worldbank,worldbank:pink_sheet:coal_south_africa,ZA,1964-03-01,1964-03-31,World Bank marks this month not available
worldbank,worldbank:pink_sheet:coal_south_africa,ZA,1964-04-01,1964-04-30,World Bank marks this month not available
worldbank,worldbank:pink_sheet:coal_south_africa,ZA,1964-05-01,1964-05-31,World Bank marks this month not available
worldbank,worldbank:pink_sheet:coal_south_africa,ZA,1964-06-01,1964-06-30,World Bank marks this month not available
worldbank,worldbank:pink_sheet:coal_south_africa,ZA,1964-07-01,1964-07-31,World Bank marks this month not available
worldbank,worldbank:pink_sheet:coal_south_africa,ZA,1964-08-01,1964-08-31,World Bank marks this month not available
worldbank,worldbank:pink_sheet:coal_south_africa,ZA,1964-09-01,1964-09-30,World Bank marks this month not available
worldbank,worldbank:pink_sheet:coal_south_africa,ZA,1964-10-01,1964-10-31,World Bank marks this month not available
worldbank,worldbank:pink_sheet:coal_south_africa,ZA,1964-11-01,1964-11-30,World Bank marks this month not available
worldbank,worldbank:pink_sheet:coal_south_africa,ZA,1964-12-01,1964-12-31,World Bank marks this month not available
worldbank,worldbank:pink_sheet:coal_south_africa,ZA,1965-01-01,1965-01-31,World Bank marks this month not available
worldbank,worldbank:pink_sheet:coal_south_africa,ZA,1965-02-01,1965-02-28,World Bank marks this month not available
worldbank,worldbank:pink_sheet:coal_south_africa,ZA,1965-03-01,1965-03-31,World Bank marks this month not available
worldbank,worldbank:pink_sheet:coal_south_africa,ZA,1965-04-01,1965-04-30,World Bank marks this month not available
worldbank,worldbank:pink_sheet:coal_south_africa,ZA,1965-05-01,1965-05-31,World Bank marks this month not available
worldbank,worldbank:pink_sheet:coal_south_africa,ZA,1965-06-01,1965-06-30,World Bank marks this month not available
worldbank,worldbank:pink_sheet:coal_south_africa,ZA,1965-07-01,1965-07-31,World Bank marks this month not available
worldbank,worldbank:pink_sheet:coal_south_africa,ZA,1965-08-01,1965-08-31,World Bank marks this month not available
worldbank,worldbank:pink_sheet:coal_south_africa,ZA,1965-09-01,1965-09-30,World Bank marks this month not available
worldbank,worldbank:pink_sheet:coal_south_africa,ZA,1965-10-01,1965-10-31,World Bank marks this month not available
worldbank,worldbank:pink_sheet:coal_south_africa,ZA,1965-11-01,1965-11-30,World Bank marks this month not available
worldbank,worldbank:pink_sheet:coal_south_africa,ZA,1965-12-01,1965-12-31,World Bank marks this month not available
worldbank,worldbank:pink_sheet:coal_south_africa,ZA,1966-01-01,1966-01-31,World Bank marks this month not available
worldbank,worldbank:pink_sheet:coal_south_africa,ZA,1966-02-01,1966-02-28,World Bank marks this month not available
worldbank,worldbank:pink_sheet:coal_south_africa,ZA,1966-03-01,1966-03-31,World Bank marks this month not available
worldbank,worldbank:pink_sheet:coal_south_africa,ZA,1966-04-01,1966-04-30,World Bank marks this month not available
worldbank,worldbank:pink_sheet:coal_south_africa,ZA,1966-05-01,1966-05-31,World Bank marks this month not available
worldbank,worldbank:pink_sheet:coal_south_africa,ZA,1966-06-01,1966-06-30,World Bank marks this month not available
worldbank,worldbank:pink_sheet:coal_south_africa,ZA,1966-07-01,1966-07-31,World Bank marks this month not available
worldbank,worldbank:pink_sheet:coal_south_africa,ZA,1966-08-01,1966-08-31,World Bank marks this month not available
worldbank,worldbank:pink_sheet:coal_south_africa,ZA,1966-09-01,1966-09-30,World Bank marks this month not available
worldbank,worldbank:pink_sheet:coal_south_africa,ZA,1966-10-01,1966-10-31,World Bank marks this month not available
worldbank,worldbank:pink_sheet:coal_south_africa,ZA,1966-11-01,1966-11-30,World Bank marks this month not available
worldbank,worldbank:pink_sheet:coal_south_africa,ZA,1966-12-01,1966-12-31,World Bank marks this month not available
worldbank,worldbank:pink_sheet:coal_south_africa,ZA,1967-01-01,1967-01-31,World Bank marks this month not available
worldbank,worldbank:pink_sheet:coal_south_africa,ZA,1967-02-01,1967-02-28,World Bank marks this month not available
worldbank,worldbank:pink_sheet:coal_south_africa,ZA,1967-03-01,1967-03-31,World Bank marks this month not available
worldbank,worldbank:pink_sheet:coal_south_africa,ZA,1967-04-01,1967-04-30,World Bank marks this month not available
worldbank,worldbank:pink_sheet:coal_south_africa,ZA,1967-05-01,1967-05-31,World Bank marks this month not available
worldbank,worldbank:pink_sheet:coal_south_africa,ZA,1967-06-01,1967-06-30,World Bank marks this month not available
worldbank,worldbank:pink_sheet:coal_south_africa,ZA,1967-07-01,1967-07-31,World Bank marks this month not available
worldbank,worldbank:pink_sheet:coal_south_africa,ZA,1967-08-01,1967-08-31,World Bank marks this month not available
worldbank,worldbank:pink_sheet:coal_south_africa,ZA,1967-09-01,1967-09-30,World Bank marks this month not available
worldbank,worldbank:pink_sheet:coal_south_africa,ZA,1967-10-01,1967-10-31,World Bank marks this month not available
worldbank,worldbank:pink_sheet:coal_south_africa,ZA,1967-11-01,1967-11-30,World Bank marks this month not available
worldbank,worldbank:pink_sheet:coal_south_africa,ZA,1967-12-01,1967-12-31,World Bank marks this month not available
worldbank,worldbank:pink_sheet:coal_south_africa,ZA,1968-01-01,1968-01-31,World Bank marks this month not available
worldbank,worldbank:pink_sheet:coal_south_africa,ZA,1968-02-01,1968-02-29,World Bank marks this month not available
worldbank,worldbank:pink_sheet:coal_south_africa,ZA,1968-03-01,1968-03-31,World Bank marks this month not available
worldbank,worldbank:pink_sheet:coal_south_africa,ZA,1968-04-01,1968-04-30,World Bank marks this month not available
worldbank,worldbank:pink_sheet:coal_south_africa,ZA,1968-05-01,1968-05-31,World Bank marks this month not available
worldbank,worldbank:pink_sheet:coal_south_africa,ZA,1968-06-01,1968-06-30,World Bank marks this month not available
worldbank,worldbank:pink_sheet:coal_south_africa,ZA,1968-07-01,1968-07-31,World Bank marks this month not available
worldbank,worldbank:pink_sheet:coal_south_africa,ZA,1968-08-01,1968-08-31,World Bank marks this month not available
worldbank,worldbank:pink_sheet:coal_south_africa,ZA,1968-09-01,1968-09-30,World Bank marks this month not available
worldbank,worldbank:pink_sheet:coal_south_africa,ZA,1968-10-01,1968-10-31,World Bank marks this month not available
worldbank,worldbank:pink_sheet:coal_south_africa,ZA,1968-11-01,1968-11-30,World Bank marks this month not available
worldbank,worldbank:pink_sheet:coal_south_africa,ZA,1968-12-01,1968-12-31,World Bank marks this month not available
worldbank,worldbank:pink_sheet:coal_south_africa,ZA,1969-01-01,1969-01-31,World Bank marks this month not available
worldbank,worldbank:pink_sheet:coal_south_africa,ZA,1969-02-01,1969-02-28,World Bank marks this month not available
worldbank,worldbank:pink_sheet:coal_south_africa,ZA,1969-03-01,1969-03-31,World Bank marks this month not available
worldbank,worldbank:pink_sheet:coal_south_africa,ZA,1969-04-01,1969-04-30,World Bank marks this month not available
worldbank,worldbank:pink_sheet:coal_south_africa,ZA,1969-05-01,1969-05-31,World Bank marks this month not available
worldbank,worldbank:pink_sheet:coal_south_africa,ZA,1969-06-01,1969-06-30,World Bank marks this month not available
worldbank,worldbank:pink_sheet:coal_south_africa,ZA,1969-07-01,1969-07-31,World Bank marks this month not available
worldbank,worldbank:pink_sheet:coal_south_africa,ZA,1969-08-01,1969-08-31,World Bank marks this month not available
worldbank,worldbank:pink_sheet:coal_south_africa,ZA,1969-09-01,1969-09-30,World Bank marks this month not available
worldbank,worldbank:pink_sheet:coal_south_africa,ZA,1969-10-01,1969-10-31,World Bank marks this month not available
worldbank,worldbank:pink_sheet:coal_south_africa,ZA,1969-11-01,1969-11-30,World Bank marks this month not available
worldbank,worldbank:pink_sheet:coal_south_africa,ZA,1969-12-01,1969-12-31,World Bank marks this month not available
worldbank,worldbank:pink_sheet:coal_south_africa,ZA,1970-01-01,1970-01-31,World Bank marks this month not available
worldbank,worldbank:pink_sheet:coal_south_africa,ZA,1970-02-01,1970-02-28,World Bank marks this month not available
worldbank,worldbank:pink_sheet:coal_south_africa,ZA,1970-03-01,1970-03-31,World Bank marks this month not available
worldbank,worldbank:pink_sheet:coal_south_africa,ZA,1970-04-01,1970-04-30,World Bank marks this month not available
worldbank,worldbank:pink_sheet:coal_south_africa,ZA,1970-05-01,1970-05-31,World Bank marks this month not available
worldbank,worldbank:pink_sheet:coal_south_africa,ZA,1970-06-01,1970-06-30,World Bank marks this month not available
worldbank,worldbank:pink_sheet:coal_south_africa,ZA,1970-07-01,1970-07-31,World Bank marks this month not available
worldbank,worldbank:pink_sheet:coal_south_africa,ZA,1970-08-01,1970-08-31,World Bank marks this month not available
worldbank,worldbank:pink_sheet:coal_south_africa,ZA,1970-09-01,1970-09-30,World Bank marks this month not available
worldbank,worldbank:pink_sheet:coal_south_africa,ZA,1970-10-01,1970-10-31,World Bank marks this month not available
worldbank,worldbank:pink_sheet:coal_south_africa,ZA,1970-11-01,1970-11-30,World Bank marks this month not available
worldbank,worldbank:pink_sheet:coal_south_africa,ZA,1970-12-01,1970-12-31,World Bank marks this month not available
worldbank,worldbank:pink_sheet:coal_south_africa,ZA,1971-01-01,1971-01-31,World Bank marks this month not available
worldbank,worldbank:pink_sheet:coal_south_africa,ZA,1971-02-01,1971-02-28,World Bank marks this month not available
worldbank,worldbank:pink_sheet:coal_south_africa,ZA,1971-03-01,1971-03-31,World Bank marks this month not available
worldbank,worldbank:pink_sheet:coal_south_africa,ZA,1971-04-01,1971-04-30,World Bank marks this month not available
worldbank,worldbank:pink_sheet:coal_south_africa,ZA,1971-05-01,1971-05-31,World Bank marks this month not available
worldbank,worldbank:pink_sheet:coal_south_africa,ZA,1971-06-01,1971-06-30,World Bank marks this month not available
worldbank,worldbank:pink_sheet:coal_south_africa,ZA,1971-07-01,1971-07-31,World Bank marks this month not available
worldbank,worldbank:pink_sheet:coal_south_africa,ZA,1971-08-01,1971-08-31,World Bank marks this month not available
worldbank,worldbank:pink_sheet:coal_south_africa,ZA,1971-09-01,1971-09-30,World Bank marks this month not available
worldbank,worldbank:pink_sheet:coal_south_africa,ZA,1971-10-01,1971-10-31,World Bank marks this month not available
worldbank,worldbank:pink_sheet:coal_south_africa,ZA,1971-11-01,1971-11-30,World Bank marks this month not available
worldbank,worldbank:pink_sheet:coal_south_africa,ZA,1971-12-01,1971-12-31,World Bank marks this month not available
worldbank,worldbank:pink_sheet:coal_south_africa,ZA,1972-01-01,1972-01-31,World Bank marks this month not available
worldbank,worldbank:pink_sheet:coal_south_africa,ZA,1972-02-01,1972-02-29,World Bank marks this month not available
worldbank,worldbank:pink_sheet:coal_south_africa,ZA,1972-03-01,1972-03-31,World Bank marks this month not available
worldbank,worldbank:pink_sheet:coal_south_africa,ZA,1972-04-01,1972-04-30,World Bank marks this month not available
worldbank,worldbank:pink_sheet:coal_south_africa,ZA,1972-05-01,1972-05-31,World Bank marks this month not available
worldbank,worldbank:pink_sheet:coal_south_africa,ZA,1972-06-01,1972-06-30,World Bank marks this month not available
worldbank,worldbank:pink_sheet:coal_south_africa,ZA,1972-07-01,1972-07-31,World Bank marks this month not available
worldbank,worldbank:pink_sheet:coal_south_africa,ZA,1972-08-01,1972-08-31,World Bank marks this month not available
worldbank,worldbank:pink_sheet:coal_south_africa,ZA,1972-09-01,1972-09-30,World Bank marks this month not available
worldbank,worldbank:pink_sheet:coal_south_africa,ZA,1972-10-01,1972-10-31,World Bank marks this month not available
worldbank,worldbank:pink_sheet:coal_south_africa,ZA,1972-11-01,1972-11-30,World Bank marks this month not available
worldbank,worldbank:pink_sheet:coal_south_africa,ZA,1972-12-01,1972-12-31,World Bank marks this month not available
worldbank,worldbank:pink_sheet:coal_south_africa,ZA,1973-01-01,1973-01-31,World Bank marks this month not available
worldbank,worldbank:pink_sheet:coal_south_africa,ZA,1973-02-01,1973-02-28,World Bank marks this month not available
worldbank,worldbank:pink_sheet:coal_south_africa,ZA,1973-03-01,1973-03-31,World Bank marks this month not available
worldbank,worldbank:pink_sheet:coal_south_africa,ZA,1973-04-01,1973-04-30,World Bank marks this month not available
worldbank,worldbank:pink_sheet:coal_south_africa,ZA,1973-05-01,1973-05-31,World Bank marks this month not available
worldbank,worldbank:pink_sheet:coal_south_africa,ZA,1973-06-01,1973-06-30,World Bank marks this month not available
worldbank,worldbank:pink_sheet:coal_south_africa,ZA,1973-07-01,1973-07-31,World Bank marks this month not available
worldbank,worldbank:pink_sheet:coal_south_africa,ZA,1973-08-01,1973-08-31,World Bank marks this month not available
worldbank,worldbank:pink_sheet:coal_south_africa,ZA,1973-09-01,1973-09-30,World Bank marks this month not available
worldbank,worldbank:pink_sheet:coal_south_africa,ZA,1973-10-01,1973-10-31,World Bank marks this month not available
worldbank,worldbank:pink_sheet:coal_south_africa,ZA,1973-11-01,1973-11-30,World Bank marks this month not available
worldbank,worldbank:pink_sheet:coal_south_africa,ZA,1973-12-01,1973-12-31,World Bank marks this month not available
worldbank,worldbank:pink_sheet:coal_south_africa,ZA,1974-01-01,1974-01-31,World Bank marks this month not available
worldbank,worldbank:pink_sheet:coal_south_africa,ZA,1974-02-01,1974-02-28,World Bank marks this month not available
worldbank,worldbank:pink_sheet:coal_south_africa,ZA,1974-03-01,1974-03-31,World Bank marks this month not available
worldbank,worldbank:pink_sheet:coal_south_africa,ZA,1974-04-01,1974-04-30,World Bank marks this month not available
worldbank,worldbank:pink_sheet:coal_south_africa,ZA,1974-05-01,1974-05-31,World Bank marks this month not available
worldbank,worldbank:pink_sheet:coal_south_africa,ZA,1974-06-01,1974-06-30,World Bank marks this month not available
worldbank,worldbank:pink_sheet:coal_south_africa,ZA,1974-07-01,1974-07-31,World Bank marks this month not available
worldbank,worldbank:pink_sheet:coal_south_africa,ZA,1974-08-01,1974-08-31,World Bank marks this month not available
worldbank,worldbank:pink_sheet:coal_south_africa,ZA,1974-09-01,1974-09-30,World Bank marks this month not available
worldbank,worldbank:pink_sheet:coal_south_africa,ZA,1974-10-01,1974-10-31,World Bank marks this month not available
worldbank,worldbank:pink_sheet:coal_south_africa,ZA,1974-11-01,1974-11-30,World Bank marks this month not available
worldbank,worldbank:pink_sheet:coal_south_africa,ZA,1974-12-01,1974-12-31,World Bank marks this month not available
worldbank,worldbank:pink_sheet:coal_south_africa,ZA,1975-01-01,1975-01-31,World Bank marks this month not available
worldbank,worldbank:pink_sheet:coal_south_africa,ZA,1975-02-01,1975-02-28,World Bank marks this month not available
worldbank,worldbank:pink_sheet:coal_south_africa,ZA,1975-03-01,1975-03-31,World Bank marks this month not available
worldbank,worldbank:pink_sheet:coal_south_africa,ZA,1975-04-01,1975-04-30,World Bank marks this month not available
worldbank,worldbank:pink_sheet:coal_south_africa,ZA,1975-05-01,1975-05-31,World Bank marks this month not available
worldbank,worldbank:pink_sheet:coal_south_africa,ZA,1975-06-01,1975-06-30,World Bank marks this month not available
worldbank,worldbank:pink_sheet:coal_south_africa,ZA,1975-07-01,1975-07-31,World Bank marks this month not available
worldbank,worldbank:pink_sheet:coal_south_africa,ZA,1975-08-01,1975-08-31,World Bank marks this month not available
worldbank,worldbank:pink_sheet:coal_south_africa,ZA,1975-09-01,1975-09-30,World Bank marks this month not available
worldbank,worldbank:pink_sheet:coal_south_africa,ZA,1975-10-01,1975-10-31,World Bank marks this month not available
worldbank,worldbank:pink_sheet:coal_south_africa,ZA,1975-11-01,1975-11-30,World Bank marks this month not available
worldbank,worldbank:pink_sheet:coal_south_africa,ZA,1975-12-01,1975-12-31,World Bank marks this month not available
worldbank,worldbank:pink_sheet:coal_south_africa,ZA,1976-01-01,1976-01-31,World Bank marks this month not available
worldbank,worldbank:pink_sheet:coal_south_africa,ZA,1976-02-01,1976-02-29,World Bank marks this month not available
worldbank,worldbank:pink_sheet:coal_south_africa,ZA,1976-03-01,1976-03-31,World Bank marks this month not available
worldbank,worldbank:pink_sheet:coal_south_africa,ZA,1976-04-01,1976-04-30,World Bank marks this month not available
worldbank,worldbank:pink_sheet:coal_south_africa,ZA,1976-05-01,1976-05-31,World Bank marks this month not available
worldbank,worldbank:pink_sheet:coal_south_africa,ZA,1976-06-01,1976-06-30,World Bank marks this month not available
worldbank,worldbank:pink_sheet:coal_south_africa,ZA,1976-07-01,1976-07-31,World Bank marks this month not available
worldbank,worldbank:pink_sheet:coal_south_africa,ZA,1976-08-01,1976-08-31,World Bank marks this month not available
worldbank,worldbank:pink_sheet:coal_south_africa,ZA,1976-09-01,1976-09-30,World Bank marks this month not available
worldbank,worldbank:pink_sheet:coal_south_africa,ZA,1976-10-01,1976-10-31,World Bank marks this month not available
worldbank,worldbank:pink_sheet:coal_south_africa,ZA,1976-11-01,1976-11-30,World Bank marks this month not available
worldbank,worldbank:pink_sheet:coal_south_africa,ZA,1976-12-01,1976-12-31,World Bank marks this month not available
worldbank,worldbank:pink_sheet:coal_south_africa,ZA,1977-01-01,1977-01-31,World Bank marks this month not available
worldbank,worldbank:pink_sheet:coal_south_africa,ZA,1977-02-01,1977-02-28,World Bank marks this month not available
worldbank,worldbank:pink_sheet:coal_south_africa,ZA,1977-03-01,1977-03-31,World Bank marks this month not available
worldbank,worldbank:pink_sheet:coal_south_africa,ZA,1977-04-01,1977-04-30,World Bank marks this month not available
worldbank,worldbank:pink_sheet:coal_south_africa,ZA,1977-05-01,1977-05-31,World Bank marks this month not available
worldbank,worldbank:pink_sheet:coal_south_africa,ZA,1977-06-01,1977-06-30,World Bank marks this month not available
worldbank,worldbank:pink_sheet:coal_south_africa,ZA,1977-07-01,1977-07-31,World Bank marks this month not available
worldbank,worldbank:pink_sheet:coal_south_africa,ZA,1977-08-01,1977-08-31,World Bank marks this month not available
worldbank,worldbank:pink_sheet:coal_south_africa,ZA,1977-09-01,1977-09-30,World Bank marks this month not available
worldbank,worldbank:pink_sheet:coal_south_africa,ZA,1977-10-01,1977-10-31,World Bank marks this month not available
worldbank,worldbank:pink_sheet:coal_south_africa,ZA,1977-11-01,1977-11-30,World Bank marks this month not available
worldbank,worldbank:pink_sheet:coal_south_africa,ZA,1977-12-01,1977-12-31,World Bank marks this month not available
worldbank,worldbank:pink_sheet:coal_south_africa,ZA,1978-01-01,1978-01-31,World Bank marks this month not available
worldbank,worldbank:pink_sheet:coal_south_africa,ZA,1978-02-01,1978-02-28,World Bank marks this month not available
worldbank,worldbank:pink_sheet:coal_south_africa,ZA,1978-03-01,1978-03-31,World Bank marks this month not available
worldbank,worldbank:pink_sheet:coal_south_africa,ZA,1978-04-01,1978-04-30,World Bank marks this month not available
worldbank,worldbank:pink_sheet:coal_south_africa,ZA,1978-05-01,1978-05-31,World Bank marks this month not available
worldbank,worldbank:pink_sheet:coal_south_africa,ZA,1978-06-01,1978-06-30,World Bank marks this month not available
worldbank,worldbank:pink_sheet:coal_south_africa,ZA,1978-07-01,1978-07-31,World Bank marks this month not available
worldbank,worldbank:pink_sheet:coal_south_africa,ZA,1978-08-01,1978-08-31,World Bank marks this month not available
worldbank,worldbank:pink_sheet:coal_south_africa,ZA,1978-09-01,1978-09-30,World Bank marks this month not available
worldbank,worldbank:pink_sheet:coal_south_africa,ZA,1978-10-01,1978-10-31,World Bank marks this month not available
worldbank,worldbank:pink_sheet:coal_south_africa,ZA,1978-11-01,1978-11-30,World Bank marks this month not available
worldbank,worldbank:pink_sheet:coal_south_africa,ZA,1978-12-01,1978-12-31,World Bank marks this month not available
worldbank,worldbank:pink_sheet:coal_south_africa,ZA,1979-01-01,1979-01-31,World Bank marks this month not available
worldbank,worldbank:pink_sheet:coal_south_africa,ZA,1979-02-01,1979-02-28,World Bank marks this month not available
worldbank,worldbank:pink_sheet:coal_south_africa,ZA,1979-03-01,1979-03-31,World Bank marks this month not available
worldbank,worldbank:pink_sheet:coal_south_africa,ZA,1979-04-01,1979-04-30,World Bank marks this month not available
worldbank,worldbank:pink_sheet:coal_south_africa,ZA,1979-05-01,1979-05-31,World Bank marks this month not available
worldbank,worldbank:pink_sheet:coal_south_africa,ZA,1979-06-01,1979-06-30,World Bank marks this month not available
worldbank,worldbank:pink_sheet:coal_south_africa,ZA,1979-07-01,1979-07-31,World Bank marks this month not available
worldbank,worldbank:pink_sheet:coal_south_africa,ZA,1979-08-01,1979-08-31,World Bank marks this month not available
worldbank,worldbank:pink_sheet:coal_south_africa,ZA,1979-09-01,1979-09-30,World Bank marks this month not available
worldbank,worldbank:pink_sheet:coal_south_africa,ZA,1979-10-01,1979-10-31,World Bank marks this month not available
worldbank,worldbank:pink_sheet:coal_south_africa,ZA,1979-11-01,1979-11-30,World Bank marks this month not available
worldbank,worldbank:pink_sheet:coal_south_africa,ZA,1979-12-01,1979-12-31,World Bank marks this month not available
worldbank,worldbank:pink_sheet:coal_south_africa,ZA,1980-01-01,1980-01-31,World Bank marks this month not available
worldbank,worldbank:pink_sheet:coal_south_africa,ZA,1980-02-01,1980-02-29,World Bank marks this month not available
worldbank,worldbank:pink_sheet:coal_south_africa,ZA,1980-03-01,1980-03-31,World Bank marks this month not available
worldbank,worldbank:pink_sheet:coal_south_africa,ZA,1980-04-01,1980-04-30,World Bank marks this month not available
worldbank,worldbank:pink_sheet:coal_south_africa,ZA,1980-05-01,1980-05-31,World Bank marks this month not available
worldbank,worldbank:pink_sheet:coal_south_africa,ZA,1980-06-01,1980-06-30,World Bank marks this month not available
worldbank,worldbank:pink_sheet:coal_south_africa,ZA,1980-07-01,1980-07-31,World Bank marks this month not available
worldbank,worldbank:pink_sheet:coal_south_africa,ZA,1980-08-01,1980-08-31,World Bank marks this month not available
worldbank,worldbank:pink_sheet:coal_south_africa,ZA,1980-09-01,1980-09-30,World Bank marks this month not available
worldbank,worldbank:pink_sheet:coal_south_africa,ZA,1980-10-01,1980-10-31,World Bank marks this month not available
worldbank,worldbank:pink_sheet:coal_south_africa,ZA,1980-11-01,1980-11-30,World Bank marks this month not available
worldbank,worldbank:pink_sheet:coal_south_africa,ZA,1980-12-01,1980-12-31,World Bank marks this month not available
worldbank,worldbank:pink_sheet:coal_south_africa,ZA,1981-01-01,1981-01-31,World Bank marks this month not available
worldbank,worldbank:pink_sheet:coal_south_africa,ZA,1981-02-01,1981-02-28,World Bank marks this month not available
worldbank,worldbank:pink_sheet:coal_south_africa,ZA,1981-03-01,1981-03-31,World Bank marks this month not available
worldbank,worldbank:pink_sheet:coal_south_africa,ZA,1981-04-01,1981-04-30,World Bank marks this month not available
worldbank,worldbank:pink_sheet:coal_south_africa,ZA,1981-05-01,1981-05-31,World Bank marks this month not available
worldbank,worldbank:pink_sheet:coal_south_africa,ZA,1981-06-01,1981-06-30,World Bank marks this month not available
worldbank,worldbank:pink_sheet:coal_south_africa,ZA,1981-07-01,1981-07-31,World Bank marks this month not available
worldbank,worldbank:pink_sheet:coal_south_africa,ZA,1981-08-01,1981-08-31,World Bank marks this month not available
worldbank,worldbank:pink_sheet:coal_south_africa,ZA,1981-09-01,1981-09-30,World Bank marks this month not available
worldbank,worldbank:pink_sheet:coal_south_africa,ZA,1981-10-01,1981-10-31,World Bank marks this month not available
worldbank,worldbank:pink_sheet:coal_south_africa,ZA,1981-11-01,1981-11-30,World Bank marks this month not available
worldbank,worldbank:pink_sheet:coal_south_africa,ZA,1981-12-01,1981-12-31,World Bank marks this month not available
worldbank,worldbank:pink_sheet:coal_south_africa,ZA,1982-01-01,1982-01-31,World Bank marks this month not available
worldbank,worldbank:pink_sheet:coal_south_africa,ZA,1982-02-01,1982-02-28,World Bank marks this month not available
worldbank,worldbank:pink_sheet:coal_south_africa,ZA,1982-03-01,1982-03-31,World Bank marks this month not available
worldbank,worldbank:pink_sheet:coal_south_africa,ZA,1982-04-01,1982-04-30,World Bank marks this month not available
worldbank,worldbank:pink_sheet:coal_south_africa,ZA,1982-05-01,1982-05-31,World Bank marks this month not available
worldbank,worldbank:pink_sheet:coal_south_africa,ZA,1982-06-01,1982-06-30,World Bank marks this month not available
worldbank,worldbank:pink_sheet:coal_south_africa,ZA,1982-07-01,1982-07-31,World Bank marks this month not available
worldbank,worldbank:pink_sheet:coal_south_africa,ZA,1982-08-01,1982-08-31,World Bank marks this month not available
worldbank,worldbank:pink_sheet:coal_south_africa,ZA,1982-09-01,1982-09-30,World Bank marks this month not available
worldbank,worldbank:pink_sheet:coal_south_africa,ZA,1982-10-01,1982-10-31,World Bank marks this month not available
worldbank,worldbank:pink_sheet:coal_south_africa,ZA,1982-11-01,1982-11-30,World Bank marks this month not available
worldbank,worldbank:pink_sheet:coal_south_africa,ZA,1982-12-01,1982-12-31,World Bank marks this month not available
worldbank,worldbank:pink_sheet:coal_south_africa,ZA,1983-01-01,1983-01-31,World Bank marks this month not available
worldbank,worldbank:pink_sheet:coal_south_africa,ZA,1983-02-01,1983-02-28,World Bank marks this month not available
worldbank,worldbank:pink_sheet:coal_south_africa,ZA,1983-03-01,1983-03-31,World Bank marks this month not available
worldbank,worldbank:pink_sheet:coal_south_africa,ZA,1983-04-01,1983-04-30,World Bank marks this month not available
worldbank,worldbank:pink_sheet:coal_south_africa,ZA,1983-05-01,1983-05-31,World Bank marks this month not available
worldbank,worldbank:pink_sheet:coal_south_africa,ZA,1983-06-01,1983-06-30,World Bank marks this month not available
worldbank,worldbank:pink_sheet:coal_south_africa,ZA,1983-07-01,1983-07-31,World Bank marks this month not available
worldbank,worldbank:pink_sheet:coal_south_africa,ZA,1983-08-01,1983-08-31,World Bank marks this month not available
worldbank,worldbank:pink_sheet:coal_south_africa,ZA,1983-09-01,1983-09-30,World Bank marks this month not available
worldbank,worldbank:pink_sheet:coal_south_africa,ZA,1983-10-01,1983-10-31,World Bank marks this month not available
worldbank,worldbank:pink_sheet:coal_south_africa,ZA,1983-11-01,1983-11-30,World Bank marks this month not available
worldbank,worldbank:pink_sheet:coal_south_africa,ZA,1983-12-01,1983-12-31,World Bank marks this month not available
worldbank,worldbank:pink_sheet:lng_japan,JP,1960-01-01,1960-01-31,World Bank marks this month not available
worldbank,worldbank:pink_sheet:lng_japan,JP,1960-02-01,1960-02-29,World Bank marks this month not available
worldbank,worldbank:pink_sheet:lng_japan,JP,1960-03-01,1960-03-31,World Bank marks this month not available
worldbank,worldbank:pink_sheet:lng_japan,JP,1960-04-01,1960-04-30,World Bank marks this month not available
worldbank,worldbank:pink_sheet:lng_japan,JP,1960-05-01,1960-05-31,World Bank marks this month not available
worldbank,worldbank:pink_sheet:lng_japan,JP,1960-06-01,1960-06-30,World Bank marks this month not available
worldbank,worldbank:pink_sheet:lng_japan,JP,1960-07-01,1960-07-31,World Bank marks this month not available
worldbank,worldbank:pink_sheet:lng_japan,JP,1960-08-01,1960-08-31,World Bank marks this month not available
worldbank,worldbank:pink_sheet:lng_japan,JP,1960-09-01,1960-09-30,World Bank marks this month not available
worldbank,worldbank:pink_sheet:lng_japan,JP,1960-10-01,1960-10-31,World Bank marks this month not available
worldbank,worldbank:pink_sheet:lng_japan,JP,1960-11-01,1960-11-30,World Bank marks this month not available
worldbank,worldbank:pink_sheet:lng_japan,JP,1960-12-01,1960-12-31,World Bank marks this month not available
worldbank,worldbank:pink_sheet:lng_japan,JP,1961-01-01,1961-01-31,World Bank marks this month not available
worldbank,worldbank:pink_sheet:lng_japan,JP,1961-02-01,1961-02-28,World Bank marks this month not available
worldbank,worldbank:pink_sheet:lng_japan,JP,1961-03-01,1961-03-31,World Bank marks this month not available
worldbank,worldbank:pink_sheet:lng_japan,JP,1961-04-01,1961-04-30,World Bank marks this month not available
worldbank,worldbank:pink_sheet:lng_japan,JP,1961-05-01,1961-05-31,World Bank marks this month not available
worldbank,worldbank:pink_sheet:lng_japan,JP,1961-06-01,1961-06-30,World Bank marks this month not available
worldbank,worldbank:pink_sheet:lng_japan,JP,1961-07-01,1961-07-31,World Bank marks this month not available
worldbank,worldbank:pink_sheet:lng_japan,JP,1961-08-01,1961-08-31,World Bank marks this month not available
worldbank,worldbank:pink_sheet:lng_japan,JP,1961-09-01,1961-09-30,World Bank marks this month not available
worldbank,worldbank:pink_sheet:lng_japan,JP,1961-10-01,1961-10-31,World Bank marks this month not available
worldbank,worldbank:pink_sheet:lng_japan,JP,1961-11-01,1961-11-30,World Bank marks this month not available
worldbank,worldbank:pink_sheet:lng_japan,JP,1961-12-01,1961-12-31,World Bank marks this month not available
worldbank,worldbank:pink_sheet:lng_japan,JP,1962-01-01,1962-01-31,World Bank marks this month not available
worldbank,worldbank:pink_sheet:lng_japan,JP,1962-02-01,1962-02-28,World Bank marks this month not available
worldbank,worldbank:pink_sheet:lng_japan,JP,1962-03-01,1962-03-31,World Bank marks this month not available
worldbank,worldbank:pink_sheet:lng_japan,JP,1962-04-01,1962-04-30,World Bank marks this month not available
worldbank,worldbank:pink_sheet:lng_japan,JP,1962-05-01,1962-05-31,World Bank marks this month not available
worldbank,worldbank:pink_sheet:lng_japan,JP,1962-06-01,1962-06-30,World Bank marks this month not available
worldbank,worldbank:pink_sheet:lng_japan,JP,1962-07-01,1962-07-31,World Bank marks this month not available
worldbank,worldbank:pink_sheet:lng_japan,JP,1962-08-01,1962-08-31,World Bank marks this month not available
worldbank,worldbank:pink_sheet:lng_japan,JP,1962-09-01,1962-09-30,World Bank marks this month not available
worldbank,worldbank:pink_sheet:lng_japan,JP,1962-10-01,1962-10-31,World Bank marks this month not available
worldbank,worldbank:pink_sheet:lng_japan,JP,1962-11-01,1962-11-30,World Bank marks this month not available
worldbank,worldbank:pink_sheet:lng_japan,JP,1962-12-01,1962-12-31,World Bank marks this month not available
worldbank,worldbank:pink_sheet:lng_japan,JP,1963-01-01,1963-01-31,World Bank marks this month not available
worldbank,worldbank:pink_sheet:lng_japan,JP,1963-02-01,1963-02-28,World Bank marks this month not available
worldbank,worldbank:pink_sheet:lng_japan,JP,1963-03-01,1963-03-31,World Bank marks this month not available
worldbank,worldbank:pink_sheet:lng_japan,JP,1963-04-01,1963-04-30,World Bank marks this month not available
worldbank,worldbank:pink_sheet:lng_japan,JP,1963-05-01,1963-05-31,World Bank marks this month not available
worldbank,worldbank:pink_sheet:lng_japan,JP,1963-06-01,1963-06-30,World Bank marks this month not available
worldbank,worldbank:pink_sheet:lng_japan,JP,1963-07-01,1963-07-31,World Bank marks this month not available
worldbank,worldbank:pink_sheet:lng_japan,JP,1963-08-01,1963-08-31,World Bank marks this month not available
worldbank,worldbank:pink_sheet:lng_japan,JP,1963-09-01,1963-09-30,World Bank marks this month not available
worldbank,worldbank:pink_sheet:lng_japan,JP,1963-10-01,1963-10-31,World Bank marks this month not available
worldbank,worldbank:pink_sheet:lng_japan,JP,1963-11-01,1963-11-30,World Bank marks this month not available
worldbank,worldbank:pink_sheet:lng_japan,JP,1963-12-01,1963-12-31,World Bank marks this month not available
worldbank,worldbank:pink_sheet:lng_japan,JP,1964-01-01,1964-01-31,World Bank marks this month not available
worldbank,worldbank:pink_sheet:lng_japan,JP,1964-02-01,1964-02-29,World Bank marks this month not available
worldbank,worldbank:pink_sheet:lng_japan,JP,1964-03-01,1964-03-31,World Bank marks this month not available
worldbank,worldbank:pink_sheet:lng_japan,JP,1964-04-01,1964-04-30,World Bank marks this month not available
worldbank,worldbank:pink_sheet:lng_japan,JP,1964-05-01,1964-05-31,World Bank marks this month not available
worldbank,worldbank:pink_sheet:lng_japan,JP,1964-06-01,1964-06-30,World Bank marks this month not available
worldbank,worldbank:pink_sheet:lng_japan,JP,1964-07-01,1964-07-31,World Bank marks this month not available
worldbank,worldbank:pink_sheet:lng_japan,JP,1964-08-01,1964-08-31,World Bank marks this month not available
worldbank,worldbank:pink_sheet:lng_japan,JP,1964-09-01,1964-09-30,World Bank marks this month not available
worldbank,worldbank:pink_sheet:lng_japan,JP,1964-10-01,1964-10-31,World Bank marks this month not available
worldbank,worldbank:pink_sheet:lng_japan,JP,1964-11-01,1964-11-30,World Bank marks this month not available
worldbank,worldbank:pink_sheet:lng_japan,JP,1964-12-01,1964-12-31,World Bank marks this month not available
worldbank,worldbank:pink_sheet:lng_japan,JP,1965-01-01,1965-01-31,World Bank marks this month not available
worldbank,worldbank:pink_sheet:lng_japan,JP,1965-02-01,1965-02-28,World Bank marks this month not available
worldbank,worldbank:pink_sheet:lng_japan,JP,1965-03-01,1965-03-31,World Bank marks this month not available
worldbank,worldbank:pink_sheet:lng_japan,JP,1965-04-01,1965-04-30,World Bank marks this month not available
worldbank,worldbank:pink_sheet:lng_japan,JP,1965-05-01,1965-05-31,World Bank marks this month not available
worldbank,worldbank:pink_sheet:lng_japan,JP,1965-06-01,1965-06-30,World Bank marks this month not available
worldbank,worldbank:pink_sheet:lng_japan,JP,1965-07-01,1965-07-31,World Bank marks this month not available
worldbank,worldbank:pink_sheet:lng_japan,JP,1965-08-01,1965-08-31,World Bank marks this month not available
worldbank,worldbank:pink_sheet:lng_japan,JP,1965-09-01,1965-09-30,World Bank marks this month not available
worldbank,worldbank:pink_sheet:lng_japan,JP,1965-10-01,1965-10-31,World Bank marks this month not available
worldbank,worldbank:pink_sheet:lng_japan,JP,1965-11-01,1965-11-30,World Bank marks this month not available
worldbank,worldbank:pink_sheet:lng_japan,JP,1965-12-01,1965-12-31,World Bank marks this month not available
worldbank,worldbank:pink_sheet:lng_japan,JP,1966-01-01,1966-01-31,World Bank marks this month not available
worldbank,worldbank:pink_sheet:lng_japan,JP,1966-02-01,1966-02-28,World Bank marks this month not available
worldbank,worldbank:pink_sheet:lng_japan,JP,1966-03-01,1966-03-31,World Bank marks this month not available
worldbank,worldbank:pink_sheet:lng_japan,JP,1966-04-01,1966-04-30,World Bank marks this month not available
worldbank,worldbank:pink_sheet:lng_japan,JP,1966-05-01,1966-05-31,World Bank marks this month not available
worldbank,worldbank:pink_sheet:lng_japan,JP,1966-06-01,1966-06-30,World Bank marks this month not available
worldbank,worldbank:pink_sheet:lng_japan,JP,1966-07-01,1966-07-31,World Bank marks this month not available
worldbank,worldbank:pink_sheet:lng_japan,JP,1966-08-01,1966-08-31,World Bank marks this month not available
worldbank,worldbank:pink_sheet:lng_japan,JP,1966-09-01,1966-09-30,World Bank marks this month not available
worldbank,worldbank:pink_sheet:lng_japan,JP,1966-10-01,1966-10-31,World Bank marks this month not available
worldbank,worldbank:pink_sheet:lng_japan,JP,1966-11-01,1966-11-30,World Bank marks this month not available
worldbank,worldbank:pink_sheet:lng_japan,JP,1966-12-01,1966-12-31,World Bank marks this month not available
worldbank,worldbank:pink_sheet:lng_japan,JP,1967-01-01,1967-01-31,World Bank marks this month not available
worldbank,worldbank:pink_sheet:lng_japan,JP,1967-02-01,1967-02-28,World Bank marks this month not available
worldbank,worldbank:pink_sheet:lng_japan,JP,1967-03-01,1967-03-31,World Bank marks this month not available
worldbank,worldbank:pink_sheet:lng_japan,JP,1967-04-01,1967-04-30,World Bank marks this month not available
worldbank,worldbank:pink_sheet:lng_japan,JP,1967-05-01,1967-05-31,World Bank marks this month not available
worldbank,worldbank:pink_sheet:lng_japan,JP,1967-06-01,1967-06-30,World Bank marks this month not available
worldbank,worldbank:pink_sheet:lng_japan,JP,1967-07-01,1967-07-31,World Bank marks this month not available
worldbank,worldbank:pink_sheet:lng_japan,JP,1967-08-01,1967-08-31,World Bank marks this month not available
worldbank,worldbank:pink_sheet:lng_japan,JP,1967-09-01,1967-09-30,World Bank marks this month not available
worldbank,worldbank:pink_sheet:lng_japan,JP,1967-10-01,1967-10-31,World Bank marks this month not available
worldbank,worldbank:pink_sheet:lng_japan,JP,1967-11-01,1967-11-30,World Bank marks this month not available
worldbank,worldbank:pink_sheet:lng_japan,JP,1967-12-01,1967-12-31,World Bank marks this month not available
worldbank,worldbank:pink_sheet:lng_japan,JP,1968-01-01,1968-01-31,World Bank marks this month not available
worldbank,worldbank:pink_sheet:lng_japan,JP,1968-02-01,1968-02-29,World Bank marks this month not available
worldbank,worldbank:pink_sheet:lng_japan,JP,1968-03-01,1968-03-31,World Bank marks this month not available
worldbank,worldbank:pink_sheet:lng_japan,JP,1968-04-01,1968-04-30,World Bank marks this month not available
worldbank,worldbank:pink_sheet:lng_japan,JP,1968-05-01,1968-05-31,World Bank marks this month not available
worldbank,worldbank:pink_sheet:lng_japan,JP,1968-06-01,1968-06-30,World Bank marks this month not available
worldbank,worldbank:pink_sheet:lng_japan,JP,1968-07-01,1968-07-31,World Bank marks this month not available
worldbank,worldbank:pink_sheet:lng_japan,JP,1968-08-01,1968-08-31,World Bank marks this month not available
worldbank,worldbank:pink_sheet:lng_japan,JP,1968-09-01,1968-09-30,World Bank marks this month not available
worldbank,worldbank:pink_sheet:lng_japan,JP,1968-10-01,1968-10-31,World Bank marks this month not available
worldbank,worldbank:pink_sheet:lng_japan,JP,1968-11-01,1968-11-30,World Bank marks this month not available
worldbank,worldbank:pink_sheet:lng_japan,JP,1968-12-01,1968-12-31,World Bank marks this month not available
worldbank,worldbank:pink_sheet:lng_japan,JP,1969-01-01,1969-01-31,World Bank marks this month not available
worldbank,worldbank:pink_sheet:lng_japan,JP,1969-02-01,1969-02-28,World Bank marks this month not available
worldbank,worldbank:pink_sheet:lng_japan,JP,1969-03-01,1969-03-31,World Bank marks this month not available
worldbank,worldbank:pink_sheet:lng_japan,JP,1969-04-01,1969-04-30,World Bank marks this month not available
worldbank,worldbank:pink_sheet:lng_japan,JP,1969-05-01,1969-05-31,World Bank marks this month not available
worldbank,worldbank:pink_sheet:lng_japan,JP,1969-06-01,1969-06-30,World Bank marks this month not available
worldbank,worldbank:pink_sheet:lng_japan,JP,1969-07-01,1969-07-31,World Bank marks this month not available
worldbank,worldbank:pink_sheet:lng_japan,JP,1969-08-01,1969-08-31,World Bank marks this month not available
worldbank,worldbank:pink_sheet:lng_japan,JP,1969-09-01,1969-09-30,World Bank marks this month not available
worldbank,worldbank:pink_sheet:lng_japan,JP,1969-10-01,1969-10-31,World Bank marks this month not available
worldbank,worldbank:pink_sheet:lng_japan,JP,1969-11-01,1969-11-30,World Bank marks this month not available
worldbank,worldbank:pink_sheet:lng_japan,JP,1969-12-01,1969-12-31,World Bank marks this month not available
worldbank,worldbank:pink_sheet:lng_japan,JP,1970-01-01,1970-01-31,World Bank marks this month not available
worldbank,worldbank:pink_sheet:lng_japan,JP,1970-02-01,1970-02-28,World Bank marks this month not available
worldbank,worldbank:pink_sheet:lng_japan,JP,1970-03-01,1970-03-31,World Bank marks this month not available
worldbank,worldbank:pink_sheet:lng_japan,JP,1970-04-01,1970-04-30,World Bank marks this month not available
worldbank,worldbank:pink_sheet:lng_japan,JP,1970-05-01,1970-05-31,World Bank marks this month not available
worldbank,worldbank:pink_sheet:lng_japan,JP,1970-06-01,1970-06-30,World Bank marks this month not available
worldbank,worldbank:pink_sheet:lng_japan,JP,1970-07-01,1970-07-31,World Bank marks this month not available
worldbank,worldbank:pink_sheet:lng_japan,JP,1970-08-01,1970-08-31,World Bank marks this month not available
worldbank,worldbank:pink_sheet:lng_japan,JP,1970-09-01,1970-09-30,World Bank marks this month not available
worldbank,worldbank:pink_sheet:lng_japan,JP,1970-10-01,1970-10-31,World Bank marks this month not available
worldbank,worldbank:pink_sheet:lng_japan,JP,1970-11-01,1970-11-30,World Bank marks this month not available
worldbank,worldbank:pink_sheet:lng_japan,JP,1970-12-01,1970-12-31,World Bank marks this month not available
worldbank,worldbank:pink_sheet:lng_japan,JP,1971-01-01,1971-01-31,World Bank marks this month not available
worldbank,worldbank:pink_sheet:lng_japan,JP,1971-02-01,1971-02-28,World Bank marks this month not available
worldbank,worldbank:pink_sheet:lng_japan,JP,1971-03-01,1971-03-31,World Bank marks this month not available
worldbank,worldbank:pink_sheet:lng_japan,JP,1971-04-01,1971-04-30,World Bank marks this month not available
worldbank,worldbank:pink_sheet:lng_japan,JP,1971-05-01,1971-05-31,World Bank marks this month not available
worldbank,worldbank:pink_sheet:lng_japan,JP,1971-06-01,1971-06-30,World Bank marks this month not available
worldbank,worldbank:pink_sheet:lng_japan,JP,1971-07-01,1971-07-31,World Bank marks this month not available
worldbank,worldbank:pink_sheet:lng_japan,JP,1971-08-01,1971-08-31,World Bank marks this month not available
worldbank,worldbank:pink_sheet:lng_japan,JP,1971-09-01,1971-09-30,World Bank marks this month not available
worldbank,worldbank:pink_sheet:lng_japan,JP,1971-10-01,1971-10-31,World Bank marks this month not available
worldbank,worldbank:pink_sheet:lng_japan,JP,1971-11-01,1971-11-30,World Bank marks this month not available
worldbank,worldbank:pink_sheet:lng_japan,JP,1971-12-01,1971-12-31,World Bank marks this month not available
worldbank,worldbank:pink_sheet:lng_japan,JP,1972-01-01,1972-01-31,World Bank marks this month not available
worldbank,worldbank:pink_sheet:lng_japan,JP,1972-02-01,1972-02-29,World Bank marks this month not available
worldbank,worldbank:pink_sheet:lng_japan,JP,1972-03-01,1972-03-31,World Bank marks this month not available
worldbank,worldbank:pink_sheet:lng_japan,JP,1972-04-01,1972-04-30,World Bank marks this month not available
worldbank,worldbank:pink_sheet:lng_japan,JP,1972-05-01,1972-05-31,World Bank marks this month not available
worldbank,worldbank:pink_sheet:lng_japan,JP,1972-06-01,1972-06-30,World Bank marks this month not available
worldbank,worldbank:pink_sheet:lng_japan,JP,1972-07-01,1972-07-31,World Bank marks this month not available
worldbank,worldbank:pink_sheet:lng_japan,JP,1972-08-01,1972-08-31,World Bank marks this month not available
worldbank,worldbank:pink_sheet:lng_japan,JP,1972-09-01,1972-09-30,World Bank marks this month not available
worldbank,worldbank:pink_sheet:lng_japan,JP,1972-10-01,1972-10-31,World Bank marks this month not available
worldbank,worldbank:pink_sheet:lng_japan,JP,1972-11-01,1972-11-30,World Bank marks this month not available
worldbank,worldbank:pink_sheet:lng_japan,JP,1972-12-01,1972-12-31,World Bank marks this month not available
worldbank,worldbank:pink_sheet:lng_japan,JP,1973-01-01,1973-01-31,World Bank marks this month not available
worldbank,worldbank:pink_sheet:lng_japan,JP,1973-02-01,1973-02-28,World Bank marks this month not available
worldbank,worldbank:pink_sheet:lng_japan,JP,1973-03-01,1973-03-31,World Bank marks this month not available
worldbank,worldbank:pink_sheet:lng_japan,JP,1973-04-01,1973-04-30,World Bank marks this month not available
worldbank,worldbank:pink_sheet:lng_japan,JP,1973-05-01,1973-05-31,World Bank marks this month not available
worldbank,worldbank:pink_sheet:lng_japan,JP,1973-06-01,1973-06-30,World Bank marks this month not available
worldbank,worldbank:pink_sheet:lng_japan,JP,1973-07-01,1973-07-31,World Bank marks this month not available
worldbank,worldbank:pink_sheet:lng_japan,JP,1973-08-01,1973-08-31,World Bank marks this month not available
worldbank,worldbank:pink_sheet:lng_japan,JP,1973-09-01,1973-09-30,World Bank marks this month not available
worldbank,worldbank:pink_sheet:lng_japan,JP,1973-10-01,1973-10-31,World Bank marks this month not available
worldbank,worldbank:pink_sheet:lng_japan,JP,1973-11-01,1973-11-30,World Bank marks this month not available
worldbank,worldbank:pink_sheet:lng_japan,JP,1973-12-01,1973-12-31,World Bank marks this month not available
worldbank,worldbank:pink_sheet:lng_japan,JP,1974-01-01,1974-01-31,World Bank marks this month not available
worldbank,worldbank:pink_sheet:lng_japan,JP,1974-02-01,1974-02-28,World Bank marks this month not available
worldbank,worldbank:pink_sheet:lng_japan,JP,1974-03-01,1974-03-31,World Bank marks this month not available
worldbank,worldbank:pink_sheet:lng_japan,JP,1974-04-01,1974-04-30,World Bank marks this month not available
worldbank,worldbank:pink_sheet:lng_japan,JP,1974-05-01,1974-05-31,World Bank marks this month not available
worldbank,worldbank:pink_sheet:lng_japan,JP,1974-06-01,1974-06-30,World Bank marks this month not available
worldbank,worldbank:pink_sheet:lng_japan,JP,1974-07-01,1974-07-31,World Bank marks this month not available
worldbank,worldbank:pink_sheet:lng_japan,JP,1974-08-01,1974-08-31,World Bank marks this month not available
worldbank,worldbank:pink_sheet:lng_japan,JP,1974-09-01,1974-09-30,World Bank marks this month not available
worldbank,worldbank:pink_sheet:lng_japan,JP,1974-10-01,1974-10-31,World Bank marks this month not available
worldbank,worldbank:pink_sheet:lng_japan,JP,1974-11-01,1974-11-30,World Bank marks this month not available
worldbank,worldbank:pink_sheet:lng_japan,JP,1974-12-01,1974-12-31,World Bank marks this month not available
worldbank,worldbank:pink_sheet:lng_japan,JP,1975-01-01,1975-01-31,World Bank marks this month not available
worldbank,worldbank:pink_sheet:lng_japan,JP,1975-02-01,1975-02-28,World Bank marks this month not available
worldbank,worldbank:pink_sheet:lng_japan,JP,1975-03-01,1975-03-31,World Bank marks this month not available
worldbank,worldbank:pink_sheet:lng_japan,JP,1975-04-01,1975-04-30,World Bank marks this month not available
worldbank,worldbank:pink_sheet:lng_japan,JP,1975-05-01,1975-05-31,World Bank marks this month not available
worldbank,worldbank:pink_sheet:lng_japan,JP,1975-06-01,1975-06-30,World Bank marks this month not available
worldbank,worldbank:pink_sheet:lng_japan,JP,1975-07-01,1975-07-31,World Bank marks this month not available
worldbank,worldbank:pink_sheet:lng_japan,JP,1975-08-01,1975-08-31,World Bank marks this month not available
worldbank,worldbank:pink_sheet:lng_japan,JP,1975-09-01,1975-09-30,World Bank marks this month not available
worldbank,worldbank:pink_sheet:lng_japan,JP,1975-10-01,1975-10-31,World Bank marks this month not available
worldbank,worldbank:pink_sheet:lng_japan,JP,1975-11-01,1975-11-30,World Bank marks this month not available
worldbank,worldbank:pink_sheet:lng_japan,JP,1975-12-01,1975-12-31,World Bank marks this month not available
worldbank,worldbank:pink_sheet:lng_japan,JP,1976-01-01,1976-01-31,World Bank marks this month not available
worldbank,worldbank:pink_sheet:lng_japan,JP,1976-02-01,1976-02-29,World Bank marks this month not available
worldbank,worldbank:pink_sheet:lng_japan,JP,1976-03-01,1976-03-31,World Bank marks this month not available
worldbank,worldbank:pink_sheet:lng_japan,JP,1976-04-01,1976-04-30,World Bank marks this month not available
worldbank,worldbank:pink_sheet:lng_japan,JP,1976-05-01,1976-05-31,World Bank marks this month not available
worldbank,worldbank:pink_sheet:lng_japan,JP,1976-06-01,1976-06-30,World Bank marks this month not available
worldbank,worldbank:pink_sheet:lng_japan,JP,1976-07-01,1976-07-31,World Bank marks this month not available
worldbank,worldbank:pink_sheet:lng_japan,JP,1976-08-01,1976-08-31,World Bank marks this month not available
worldbank,worldbank:pink_sheet:lng_japan,JP,1976-09-01,1976-09-30,World Bank marks this month not available
worldbank,worldbank:pink_sheet:lng_japan,JP,1976-10-01,1976-10-31,World Bank marks this month not available
worldbank,worldbank:pink_sheet:lng_japan,JP,1976-11-01,1976-11-30,World Bank marks this month not available
worldbank,worldbank:pink_sheet:lng_japan,JP,1976-12-01,1976-12-31,World Bank marks this month not available
worldbank,worldbank:wdi:EN.ATM.PM25.MC.M3,CN,2024-01-01,2024-12-31,the World Bank has not published a value for this year yet (about two and a half years of lag)
worldbank,worldbank:wdi:EN.ATM.PM25.MC.M3,CN,2025-01-01,2025-12-31,the World Bank has not published a value for this year yet (about two and a half years of lag)
worldbank,worldbank:wdi:EN.ATM.PM25.MC.M3,EU,2024-01-01,2024-12-31,the World Bank has not published a value for this year yet (about two and a half years of lag)
worldbank,worldbank:wdi:EN.ATM.PM25.MC.M3,EU,2025-01-01,2025-12-31,the World Bank has not published a value for this year yet (about two and a half years of lag)
worldbank,worldbank:wdi:EN.ATM.PM25.MC.M3,GB,2024-01-01,2024-12-31,the World Bank has not published a value for this year yet (about two and a half years of lag)
worldbank,worldbank:wdi:EN.ATM.PM25.MC.M3,GB,2025-01-01,2025-12-31,the World Bank has not published a value for this year yet (about two and a half years of lag)
worldbank,worldbank:wdi:EN.ATM.PM25.MC.M3,RU,2024-01-01,2024-12-31,the World Bank has not published a value for this year yet (about two and a half years of lag)
worldbank,worldbank:wdi:EN.ATM.PM25.MC.M3,RU,2025-01-01,2025-12-31,the World Bank has not published a value for this year yet (about two and a half years of lag)
worldbank,worldbank:wdi:EN.ATM.PM25.MC.M3,US,2024-01-01,2024-12-31,the World Bank has not published a value for this year yet (about two and a half years of lag)
worldbank,worldbank:wdi:EN.ATM.PM25.MC.M3,US,2025-01-01,2025-12-31,the World Bank has not published a value for this year yet (about two and a half years of lag)
worldbank,worldbank:wdi:EN.ATM.PM25.MC.M3,ZA,2024-01-01,2024-12-31,the World Bank has not published a value for this year yet (about two and a half years of lag)
worldbank,worldbank:wdi:EN.ATM.PM25.MC.M3,ZA,2025-01-01,2025-12-31,the World Bank has not published a value for this year yet (about two and a half years of lag)
