index,month,region,local_value,local_unit,usd_per_local,usd_per_kwh,carried,provisional
retail,2015-01,CN,0.617,CNY/kWh,0.16080587,0.099217,0,0
retail,2015-01,EU,0.2083,EUR/kWh,1.16213333,0.242072,0,0
retail,2015-01,GB,0.1556037036058558,GBP/kWh,1.51556722,0.235828,0,0
retail,2015-01,US,0.121,USD/kWh,1.00000000,0.121000,0,0
retail,2015-02,CN,0.617,CNY/kWh,0.15994456,0.098686,0,0
retail,2015-02,EU,0.2083,EUR/kWh,1.13496500,0.236413,0,0
retail,2015-02,GB,0.1556037036058558,GBP/kWh,1.53268535,0.238492,0,0
retail,2015-02,US,0.1229,USD/kWh,1.00000000,0.122900,0,0
retail,2015-03,CN,0.617,CNY/kWh,0.16026675,0.098885,0,0
retail,2015-03,EU,0.2083,EUR/kWh,1.08376818,0.225749,0,0
retail,2015-03,GB,0.1556037036058558,GBP/kWh,1.49777779,0.233060,0,0
retail,2015-03,US,0.1233,USD/kWh,1.00000000,0.123300,0,0
retail,2015-04,CN,0.617,CNY/kWh,0.16121593,0.099470,0,0
retail,2015-04,EU,0.2083,EUR/kWh,1.07793000,0.224533,0,0
retail,2015-04,GB,0.1556037036058558,GBP/kWh,1.49472203,0.232584,0,0
retail,2015-04,US,0.1262,USD/kWh,1.00000000,0.126200,0,0
retail,2015-05,CN,0.617,CNY/kWh,0.16120255,0.099462,0,0
retail,2015-05,EU,0.2083,EUR/kWh,1.11495500,0.232245,0,0
retail,2015-05,GB,0.1556037036058558,GBP/kWh,1.54588304,0.240545,0,0
retail,2015-05,US,0.1293,USD/kWh,1.00000000,0.129300,0,0
retail,2015-06,CN,0.617,CNY/kWh,0.16114053,0.099424,0,0
retail,2015-06,EU,0.2083,EUR/kWh,1.12132273,0.233572,0,0
retail,2015-06,GB,0.1556037036058558,GBP/kWh,1.55570831,0.242074,0,0
retail,2015-06,US,0.1292,USD/kWh,1.00000000,0.129200,0,0
retail,2015-07,CN,0.617,CNY/kWh,0.16106563,0.099377,0,0
retail,2015-07,EU,0.2089,EUR/kWh,1.09957826,0.229702,0,0
retail,2015-07,GB,0.1570921927738771,GBP/kWh,1.55560340,0.244373,0,0
retail,2015-07,US,0.1294,USD/kWh,1.00000000,0.129400,0,0
retail,2015-08,CN,0.617,CNY/kWh,0.15771986,0.097313,0,0
retail,2015-08,EU,0.2089,EUR/kWh,1.11390476,0.232695,0,0
retail,2015-08,GB,0.1570921927738771,GBP/kWh,1.55958312,0.244998,0,0
retail,2015-08,US,0.1291,USD/kWh,1.00000000,0.129100,0,0
retail,2015-09,CN,0.617,CNY/kWh,0.15702256,0.096883,0,0
retail,2015-09,EU,0.2089,EUR/kWh,1.12211818,0.234410,0,0
retail,2015-09,GB,0.1570921927738771,GBP/kWh,1.53443952,0.241048,0,0
retail,2015-09,US,0.1303,USD/kWh,1.00000000,0.130300,0,0
retail,2015-10,CN,0.617,CNY/kWh,0.15747401,0.097161,0,0
retail,2015-10,EU,0.2089,EUR/kWh,1.12350909,0.234701,0,0
retail,2015-10,GB,0.1570921927738771,GBP/kWh,1.53302549,0.240826,0,0
retail,2015-10,US,0.1272,USD/kWh,1.00000000,0.127200,0,0
retail,2015-11,CN,0.617,CNY/kWh,0.15696420,0.096847,0,0
retail,2015-11,EU,0.2089,EUR/kWh,1.07360000,0.224275,0,0
retail,2015-11,GB,0.1570921927738771,GBP/kWh,1.51943982,0.238692,0,0
retail,2015-11,US,0.1271,USD/kWh,1.00000000,0.127100,0,0
retail,2015-12,CN,0.617,CNY/kWh,0.15496006,0.095610,0,0
retail,2015-12,EU,0.2089,EUR/kWh,1.08771818,0.227224,0,0
retail,2015-12,GB,0.1570921927738771,GBP/kWh,1.49833291,0.235376,0,0
retail,2015-12,US,0.1232,USD/kWh,1.00000000,0.123200,0,0
retail,2016-01,CN,0.617,CNY/kWh,0.15211032,0.093852,0,0
retail,2016-01,EU,0.2051,EUR/kWh,1.08596500,0.222731,0,0
retail,2016-01,GB,0.15189698907620608,GBP/kWh,1.43915339,0.218603,0,0
retail,2016-01,US,0.1199,USD/kWh,1.00000000,0.119900,0,0
retail,2016-02,CN,0.617,CNY/kWh,0.15267382,0.094200,0,0
retail,2016-02,EU,0.2051,EUR/kWh,1.10929524,0.227516,0,0
retail,2016-02,GB,0.15189698907620608,GBP/kWh,1.43026863,0.217253,0,0
retail,2016-02,US,0.1214,USD/kWh,1.00000000,0.121400,0,0
retail,2016-03,CN,0.617,CNY/kWh,0.15369323,0.094829,0,0
retail,2016-03,EU,0.2051,EUR/kWh,1.10996667,0.227654,0,0
retail,2016-03,GB,0.15189698907620608,GBP/kWh,1.42266766,0.216099,0,0
retail,2016-03,US,0.1256,USD/kWh,1.00000000,0.125600,0,0
retail,2016-04,CN,0.617,CNY/kWh,0.15435620,0.095238,0,0
retail,2016-04,EU,0.2051,EUR/kWh,1.13391905,0.232567,0,0
retail,2016-04,GB,0.15189698907620608,GBP/kWh,1.43118160,0.217392,0,0
retail,2016-04,US,0.1243,USD/kWh,1.00000000,0.124300,0,0
retail,2016-05,CN,0.617,CNY/kWh,0.15313420,0.094484,0,0
retail,2016-05,EU,0.2051,EUR/kWh,1.13110909,0.231990,0,0
retail,2016-05,GB,0.15189698907620608,GBP/kWh,1.45425771,0.220897,0,0
retail,2016-05,US,0.1279,USD/kWh,1.00000000,0.127900,0,0
retail,2016-06,CN,0.617,CNY/kWh,0.15169403,0.093595,0,0
retail,2016-06,EU,0.2051,EUR/kWh,1.12289091,0.230305,0,0
retail,2016-06,GB,0.15189698907620608,GBP/kWh,1.42049329,0.215769,0,0
retail,2016-06,US,0.1273,USD/kWh,1.00000000,0.127300,0,0
retail,2016-07,CN,0.617,CNY/kWh,0.14975630,0.092400,0,0
retail,2016-07,EU,0.2069,EUR/kWh,1.10685238,0.229008,0,0
retail,2016-07,GB,0.15734165781469514,GBP/kWh,1.31602444,0.207065,0,0
retail,2016-07,US,0.1268,USD/kWh,1.00000000,0.126800,0,0
retail,2016-08,CN,0.617,CNY/kWh,0.15041791,0.092808,0,0
retail,2016-08,EU,0.2069,EUR/kWh,1.12117391,0.231971,0,0
retail,2016-08,GB,0.15734165781469514,GBP/kWh,1.31099452,0.206274,0,0
retail,2016-08,US,0.1288,USD/kWh,1.00000000,0.128800,0,0
retail,2016-09,CN,0.617,CNY/kWh,0.14985720,0.092462,0,0
retail,2016-09,EU,0.2069,EUR/kWh,1.12120909,0.231978,0,0
retail,2016-09,GB,0.15734165781469514,GBP/kWh,1.31554569,0.206990,0,0
retail,2016-09,US,0.1287,USD/kWh,1.00000000,0.128700,0,0
retail,2016-10,CN,0.617,CNY/kWh,0.14860208,0.091687,0,0
retail,2016-10,EU,0.2069,EUR/kWh,1.10260476,0.228129,0,0
retail,2016-10,GB,0.15734165781469514,GBP/kWh,1.23347729,0.194077,0,0
retail,2016-10,US,0.1246,USD/kWh,1.00000000,0.124600,0,0
retail,2016-11,CN,0.617,CNY/kWh,0.14616282,0.090182,0,0
retail,2016-11,EU,0.2069,EUR/kWh,1.07989545,0.223430,0,0
retail,2016-11,GB,0.15734165781469514,GBP/kWh,1.24276878,0.195539,0,0
retail,2016-11,US,0.1275,USD/kWh,1.00000000,0.127500,0,0
retail,2016-12,CN,0.617,CNY/kWh,0.14445756,0.089130,0,0
retail,2016-12,EU,0.2069,EUR/kWh,1.05429048,0.218133,0,0
retail,2016-12,GB,0.15734165781469514,GBP/kWh,1.24854647,0.196448,0,0
retail,2016-12,US,0.1223,USD/kWh,1.00000000,0.122300,0,0
retail,2017-01,CN,0.617,CNY/kWh,0.14502738,0.089482,0,0
retail,2017-01,EU,0.2089,EUR/kWh,1.06144091,0.221735,0,0
retail,2017-01,GB,0.1520067007023212,GBP/kWh,1.23279427,0.187393,0,0
retail,2017-01,US,0.1221,USD/kWh,1.00000000,0.122100,0,0
retail,2017-02,CN,0.617,CNY/kWh,0.14550529,0.089777,0,0
retail,2017-02,EU,0.2089,EUR/kWh,1.06426500,0.222325,0,0
retail,2017-02,GB,0.1520067007023212,GBP/kWh,1.24806724,0.189715,0,0
retail,2017-02,US,0.1279,USD/kWh,1.00000000,0.127900,0,0
retail,2017-03,CN,0.617,CNY/kWh,0.14499143,0.089460,0,0
retail,2017-03,EU,0.2089,EUR/kWh,1.06846957,0.223203,0,0
retail,2017-03,GB,0.1520067007023212,GBP/kWh,1.23436376,0.187632,0,0
retail,2017-03,US,0.1289,USD/kWh,1.00000000,0.128900,0,0
retail,2017-04,CN,0.617,CNY/kWh,0.14511356,0.089535,0,0
retail,2017-04,EU,0.2089,EUR/kWh,1.07226667,0.223997,0,0
retail,2017-04,GB,0.1520067007023212,GBP/kWh,1.26411509,0.192154,0,0
retail,2017-04,US,0.1272,USD/kWh,1.00000000,0.127200,0,0
retail,2017-05,CN,0.617,CNY/kWh,0.14524489,0.089616,0,0
retail,2017-05,EU,0.2089,EUR/kWh,1.10575000,0.230991,0,0
retail,2017-05,GB,0.1520067007023212,GBP/kWh,1.29245376,0.196462,0,0
retail,2017-05,US,0.1307,USD/kWh,1.00000000,0.130700,0,0
retail,2017-06,CN,0.617,CNY/kWh,0.14686845,0.090618,0,0
retail,2017-06,EU,0.2089,EUR/kWh,1.12294545,0.234583,0,0
retail,2017-06,GB,0.1520067007023212,GBP/kWh,1.28009186,0.194583,0,0
retail,2017-06,US,0.132,USD/kWh,1.00000000,0.132000,0,0
retail,2017-07,CN,0.617,CNY/kWh,0.14764591,0.091098,0,0
retail,2017-07,EU,0.2089,EUR/kWh,1.15111429,0.240468,0,0
retail,2017-07,GB,0.16566885702375853,GBP/kWh,1.29897193,0.215199,0,0
retail,2017-07,US,0.1308,USD/kWh,1.00000000,0.130800,0,0
retail,2017-08,CN,0.617,CNY/kWh,0.14990839,0.092493,0,0
retail,2017-08,EU,0.2089,EUR/kWh,1.18067391,0.246643,0,0
retail,2017-08,GB,0.16566885702375853,GBP/kWh,1.29572469,0.214661,0,0
retail,2017-08,US,0.1315,USD/kWh,1.00000000,0.131500,0,0
retail,2017-09,CN,0.617,CNY/kWh,0.15224918,0.093938,0,0
retail,2017-09,EU,0.2089,EUR/kWh,1.19145714,0.248895,0,0
retail,2017-09,GB,0.16566885702375853,GBP/kWh,1.33168199,0.220618,0,0
retail,2017-09,US,0.1328,USD/kWh,1.00000000,0.132800,0,0
retail,2017-10,CN,0.617,CNY/kWh,0.15092826,0.093123,0,0
retail,2017-10,EU,0.2089,EUR/kWh,1.17558636,0.245580,0,0
retail,2017-10,GB,0.16566885702375853,GBP/kWh,1.31982459,0.218654,0,0
retail,2017-10,US,0.128,USD/kWh,1.00000000,0.128000,0,0
retail,2017-11,CN,0.617,CNY/kWh,0.15102315,0.093181,0,0
retail,2017-11,EU,0.2089,EUR/kWh,1.17380000,0.245207,0,0
retail,2017-11,GB,0.16566885702375853,GBP/kWh,1.32192872,0.219002,0,0
retail,2017-11,US,0.1294,USD/kWh,1.00000000,0.129400,0,0
retail,2017-12,CN,0.617,CNY/kWh,0.15160389,0.093540,0,0
retail,2017-12,EU,0.2089,EUR/kWh,1.18362105,0.247258,0,0
retail,2017-12,GB,0.16566885702375853,GBP/kWh,1.34098733,0.222160,0,0
retail,2017-12,US,0.1245,USD/kWh,1.00000000,0.124500,0,0
retail,2018-01,CN,0.617,CNY/kWh,0.15560957,0.096011,0,0
retail,2018-01,EU,0.2103,EUR/kWh,1.21995000,0.256555,0,0
retail,2018-01,GB,0.16601328087312045,GBP/kWh,1.38110982,0.229283,0,0
retail,2018-01,US,0.1222,USD/kWh,1.00000000,0.122200,0,0
retail,2018-02,CN,0.617,CNY/kWh,0.15816754,0.097589,0,0
retail,2018-02,EU,0.2103,EUR/kWh,1.23478000,0.259674,0,0
retail,2018-02,GB,0.16601328087312045,GBP/kWh,1.39686684,0.231898,0,0
retail,2018-02,US,0.1263,USD/kWh,1.00000000,0.126300,0,0
retail,2018-03,CN,0.617,CNY/kWh,0.15819376,0.097606,0,0
retail,2018-03,EU,0.2103,EUR/kWh,1.23361905,0.259430,0,0
retail,2018-03,GB,0.16601328087312045,GBP/kWh,1.39728203,0.231967,0,0
retail,2018-03,US,0.1297,USD/kWh,1.00000000,0.129700,0,0
retail,2018-04,CN,0.617,CNY/kWh,0.15871772,0.097929,0,0
retail,2018-04,EU,0.2103,EUR/kWh,1.22763000,0.258171,0,0
retail,2018-04,GB,0.16601328087312045,GBP/kWh,1.40763644,0.233686,0,0
retail,2018-04,US,0.1288,USD/kWh,1.00000000,0.128800,0,0
retail,2018-05,CN,0.617,CNY/kWh,0.15688669,0.096799,0,0
retail,2018-05,EU,0.2103,EUR/kWh,1.18122273,0.248411,0,0
retail,2018-05,GB,0.16601328087312045,GBP/kWh,1.34649453,0.223536,0,0
retail,2018-05,US,0.1312,USD/kWh,1.00000000,0.131200,0,0
retail,2018-06,CN,0.617,CNY/kWh,0.15465499,0.095422,0,0
retail,2018-06,EU,0.2103,EUR/kWh,1.16782857,0.245594,0,0
retail,2018-06,GB,0.16601328087312045,GBP/kWh,1.32879860,0.220598,0,0
retail,2018-06,US,0.1303,USD/kWh,1.00000000,0.130300,0,0
retail,2018-07,CN,0.617,CNY/kWh,0.14885467,0.091843,0,0
retail,2018-07,EU,0.2152,EUR/kWh,1.16857273,0.251477,0,0
retail,2018-07,GB,0.180003364122363,GBP/kWh,1.31706525,0.237076,0,0
retail,2018-07,US,0.1313,USD/kWh,1.00000000,0.131300,0,0
retail,2018-08,CN,0.617,CNY/kWh,0.14601960,0.090094,0,0
retail,2018-08,EU,0.2152,EUR/kWh,1.15489565,0.248534,0,0
retail,2018-08,GB,0.180003364122363,GBP/kWh,1.28769758,0.231790,0,0
retail,2018-08,US,0.1326,USD/kWh,1.00000000,0.132600,0,0
retail,2018-09,CN,0.617,CNY/kWh,0.14586138,0.089996,0,0
retail,2018-09,EU,0.2152,EUR/kWh,1.16587000,0.250895,0,0
retail,2018-09,GB,0.180003364122363,GBP/kWh,1.30584774,0.235057,0,0
retail,2018-09,US,0.1301,USD/kWh,1.00000000,0.130100,0,0
retail,2018-10,CN,0.617,CNY/kWh,0.14448854,0.089149,0,0
retail,2018-10,EU,0.2152,EUR/kWh,1.14840435,0.247137,0,0
retail,2018-10,GB,0.180003364122363,GBP/kWh,1.30098244,0.234181,0,0
retail,2018-10,US,0.1285,USD/kWh,1.00000000,0.128500,0,0
retail,2018-11,CN,0.617,CNY/kWh,0.14410307,0.088912,0,0
retail,2018-11,EU,0.2152,EUR/kWh,1.13668636,0.244615,0,0
retail,2018-11,GB,0.180003364122363,GBP/kWh,1.28995734,0.232197,0,0
retail,2018-11,US,0.129,USD/kWh,1.00000000,0.129000,0,0
retail,2018-12,CN,0.617,CNY/kWh,0.14521125,0.089595,0,0
retail,2018-12,EU,0.2152,EUR/kWh,1.13842105,0.244988,0,0
retail,2018-12,GB,0.180003364122363,GBP/kWh,1.26809438,0.228261,0,0
retail,2018-12,US,0.1243,USD/kWh,1.00000000,0.124300,0,0
retail,2019-01,CN,0.617,CNY/kWh,0.14730185,0.090885,0,0
retail,2019-01,EU,0.2168,EUR/kWh,1.14164091,0.247508,0,0
retail,2019-01,GB,0.1853657161612778,GBP/kWh,1.28849079,0.238842,0,0
retail,2019-01,US,0.1247,USD/kWh,1.00000000,0.124700,0,0
retail,2019-02,CN,0.617,CNY/kWh,0.14841015,0.091569,0,0
retail,2019-02,EU,0.2168,EUR/kWh,1.13511500,0.246093,0,0
retail,2019-02,GB,0.1853657161612778,GBP/kWh,1.30078715,0.241121,0,0
retail,2019-02,US,0.1272,USD/kWh,1.00000000,0.127200,0,0
retail,2019-03,CN,0.617,CNY/kWh,0.14897610,0.091918,0,0
retail,2019-03,EU,0.2168,EUR/kWh,1.13024762,0.245038,0,0
retail,2019-03,GB,0.1853657161612778,GBP/kWh,1.31696650,0.244120,0,0
retail,2019-03,US,0.1284,USD/kWh,1.00000000,0.128400,0,0
retail,2019-04,CN,0.617,CNY/kWh,0.14887219,0.091854,0,0
retail,2019-04,EU,0.2168,EUR/kWh,1.12382500,0.243645,0,0
retail,2019-04,GB,0.1853657161612778,GBP/kWh,1.30405975,0.241728,0,0
retail,2019-04,US,0.1325,USD/kWh,1.00000000,0.132500,0,0
retail,2019-05,CN,0.617,CNY/kWh,0.14575364,0.089930,0,0
retail,2019-05,EU,0.2168,EUR/kWh,1.11845909,0.242482,0,0
retail,2019-05,GB,0.1853657161612778,GBP/kWh,1.28299236,0.237823,0,0
retail,2019-05,US,0.1331,USD/kWh,1.00000000,0.133100,0,0
retail,2019-06,CN,0.617,CNY/kWh,0.14490450,0.089406,0,0
retail,2019-06,EU,0.2168,EUR/kWh,1.12934000,0.244841,0,0
retail,2019-06,GB,0.1853657161612778,GBP/kWh,1.26739336,0.234931,0,0
retail,2019-06,US,0.1332,USD/kWh,1.00000000,0.133200,0,0
retail,2019-07,CN,0.617,CNY/kWh,0.14540832,0.089717,0,0
retail,2019-07,EU,0.2169,EUR/kWh,1.12183913,0.243327,0,0
retail,2019-07,GB,0.19482704377728072,GBP/kWh,1.24729113,0.243006,0,0
retail,2019-07,US,0.1326,USD/kWh,1.00000000,0.132600,0,0
retail,2019-08,CN,0.617,CNY/kWh,0.14159018,0.087361,0,0
retail,2019-08,EU,0.2169,EUR/kWh,1.11262273,0.241328,0,0
retail,2019-08,GB,0.19482704377728072,GBP/kWh,1.21526693,0.236767,0,0
retail,2019-08,US,0.133,USD/kWh,1.00000000,0.133000,0,0
retail,2019-09,CN,0.617,CNY/kWh,0.14049460,0.086685,0,0
retail,2019-09,EU,0.2169,EUR/kWh,1.10039048,0.238675,0,0
retail,2019-09,GB,0.19482704377728072,GBP/kWh,1.23512232,0.240635,0,0
retail,2019-09,US,0.1316,USD/kWh,1.00000000,0.131600,0,0
retail,2019-10,CN,0.617,CNY/kWh,0.14089198,0.086930,0,0
retail,2019-10,EU,0.2169,EUR/kWh,1.10525652,0.239730,0,0
retail,2019-10,GB,0.19482704377728072,GBP/kWh,1.26259383,0.245987,0,0
retail,2019-10,US,0.1281,USD/kWh,1.00000000,0.128100,0,0
retail,2019-11,CN,0.617,CNY/kWh,0.14246198,0.087899,0,0
retail,2019-11,EU,0.2169,EUR/kWh,1.10509524,0.239695,0,0
retail,2019-11,GB,0.19482704377728072,GBP/kWh,1.28857694,0.251050,0,0
retail,2019-11,US,0.1303,USD/kWh,1.00000000,0.130300,0,0
retail,2019-12,CN,0.617,CNY/kWh,0.14252700,0.087939,0,0
retail,2019-12,EU,0.2169,EUR/kWh,1.11134500,0.241051,0,0
retail,2019-12,GB,0.19482704377728072,GBP/kWh,1.31161945,0.255539,0,0
retail,2019-12,US,0.1268,USD/kWh,1.00000000,0.126800,0,0
retail,2020-01,CN,0.617,CNY/kWh,0.14447510,0.089141,0,0
retail,2020-01,EU,0.2139,EUR/kWh,1.11003636,0.237437,0,0
retail,2020-01,GB,0.19274131848169884,GBP/kWh,1.30704346,0.251921,0,0
retail,2020-01,US,0.1276,USD/kWh,1.00000000,0.127600,0,0
retail,2020-02,CN,0.617,CNY/kWh,0.14291911,0.088181,0,0
retail,2020-02,EU,0.2139,EUR/kWh,1.09050000,0.233258,0,0
retail,2020-02,GB,0.19274131848169884,GBP/kWh,1.29675389,0.249938,0,0
retail,2020-02,US,0.1282,USD/kWh,1.00000000,0.128200,0,0
retail,2020-03,CN,0.617,CNY/kWh,0.14243146,0.087880,0,0
retail,2020-03,EU,0.2139,EUR/kWh,1.10634091,0.236646,0,0
retail,2020-03,GB,0.19274131848169884,GBP/kWh,1.23669409,0.238362,0,0
retail,2020-03,US,0.1304,USD/kWh,1.00000000,0.130400,0,0
retail,2020-04,CN,0.617,CNY/kWh,0.14132518,0.087198,0,0
retail,2020-04,EU,0.2139,EUR/kWh,1.08619000,0.232336,0,0
retail,2020-04,GB,0.19274131848169884,GBP/kWh,1.24069499,0.239133,0,0
retail,2020-04,US,0.1324,USD/kWh,1.00000000,0.132400,0,0
retail,2020-05,CN,0.617,CNY/kWh,0.14070153,0.086813,0,0
retail,2020-05,EU,0.2139,EUR/kWh,1.09018500,0.233191,0,0
retail,2020-05,GB,0.19274131848169884,GBP/kWh,1.22927362,0.236932,0,0
retail,2020-05,US,0.131,USD/kWh,1.00000000,0.131000,0,0
retail,2020-06,CN,0.617,CNY/kWh,0.14115172,0.087091,0,0
retail,2020-06,EU,0.2139,EUR/kWh,1.12545909,0.240736,0,0
retail,2020-06,GB,0.19274131848169884,GBP/kWh,1.25220564,0.241352,0,0
retail,2020-06,US,0.1322,USD/kWh,1.00000000,0.132200,0,0
retail,2020-07,CN,0.617,CNY/kWh,0.14266536,0.088025,0,0
retail,2020-07,EU,0.2153,EUR/kWh,1.14633913,0.246807,0,0
retail,2020-07,GB,0.18859483754501916,GBP/kWh,1.26713938,0.238976,0,0
retail,2020-07,US,0.1321,USD/kWh,1.00000000,0.132100,0,0
retail,2020-08,CN,0.617,CNY/kWh,0.14432687,0.089050,0,0
retail,2020-08,EU,0.2153,EUR/kWh,1.18280952,0.254659,0,0
retail,2020-08,GB,0.18859483754501916,GBP/kWh,1.31305245,0.247635,0,0
retail,2020-08,US,0.1326,USD/kWh,1.00000000,0.132600,0,0
retail,2020-09,CN,0.617,CNY/kWh,0.14679392,0.090572,0,0
retail,2020-09,EU,0.2153,EUR/kWh,1.17924091,0.253891,0,0
retail,2020-09,GB,0.18859483754501916,GBP/kWh,1.29661848,0.244536,0,0
retail,2020-09,US,0.1349,USD/kWh,1.00000000,0.134900,0,0
retail,2020-10,CN,0.617,CNY/kWh,0.14862962,0.091704,0,0
retail,2020-10,EU,0.2153,EUR/kWh,1.17751818,0.253520,0,0
retail,2020-10,GB,0.18859483754501916,GBP/kWh,1.29766744,0.244733,0,0
retail,2020-10,US,0.1366,USD/kWh,1.00000000,0.136600,0,0
retail,2020-11,CN,0.617,CNY/kWh,0.15147292,0.093459,0,0
retail,2020-11,EU,0.2153,EUR/kWh,1.18379048,0.254870,0,0
retail,2020-11,GB,0.18859483754501916,GBP/kWh,1.32111609,0.249156,0,0
retail,2020-11,US,0.1331,USD/kWh,1.00000000,0.133100,0,0
retail,2020-12,CN,0.617,CNY/kWh,0.15288209,0.094328,0,0
retail,2020-12,EU,0.2153,EUR/kWh,1.21697273,0.262014,0,0
retail,2020-12,GB,0.18859483754501916,GBP/kWh,1.34287521,0.253259,0,0
retail,2020-12,US,0.1278,USD/kWh,1.00000000,0.127800,0,0
retail,2021-01,CN,0.617,CNY/kWh,0.15458954,0.095382,0,0
retail,2021-01,EU,0.2203,EUR/kWh,1.21708500,0.268124,0,0
retail,2021-01,GB,0.1926366019173307,GBP/kWh,1.36342861,0.262646,0,0
retail,2021-01,US,0.1262,USD/kWh,1.00000000,0.126200,0,0
retail,2021-02,CN,0.617,CNY/kWh,0.15483043,0.095530,0,0
retail,2021-02,EU,0.2203,EUR/kWh,1.20979000,0.266517,0,0
retail,2021-02,GB,0.1926366019173307,GBP/kWh,1.38628883,0.267050,0,0
retail,2021-02,US,0.1301,USD/kWh,1.00000000,0.130100,0,0
retail,2021-03,CN,0.617,CNY/kWh,0.15360589,0.094775,0,0
retail,2021-03,EU,0.2203,EUR/kWh,1.18990870,0.262137,0,0
retail,2021-03,GB,0.1926366019173307,GBP/kWh,1.38565752,0.266928,0,0
retail,2021-03,US,0.1324,USD/kWh,1.00000000,0.132400,0,0
retail,2021-04,CN,0.617,CNY/kWh,0.15347707,0.094695,0,0
retail,2021-04,EU,0.2203,EUR/kWh,1.19791000,0.263900,0,0
retail,2021-04,GB,0.1926366019173307,GBP/kWh,1.38443732,0.266693,0,0
retail,2021-04,US,0.1373,USD/kWh,1.00000000,0.137300,0,0
retail,2021-05,CN,0.617,CNY/kWh,0.15549905,0.095943,0,0
retail,2021-05,EU,0.2203,EUR/kWh,1.21459048,0.267574,0,0
retail,2021-05,GB,0.1926366019173307,GBP/kWh,1.40808480,0.271249,0,0
retail,2021-05,US,0.1386,USD/kWh,1.00000000,0.138600,0,0
retail,2021-06,CN,0.617,CNY/kWh,0.15566500,0.096045,0,0
retail,2021-06,EU,0.2203,EUR/kWh,1.20470909,0.265397,0,0
retail,2021-06,GB,0.1926366019173307,GBP/kWh,1.40291184,0.270252,0,0
retail,2021-06,US,0.1383,USD/kWh,1.00000000,0.138300,0,0
retail,2021-07,CN,0.617,CNY/kWh,0.15446024,0.095302,0,0
retail,2021-07,EU,0.2415,EUR/kWh,1.18218182,0.285497,0,0
retail,2021-07,GB,0.20131434455873579,GBP/kWh,1.38084309,0.277984,0,0
retail,2021-07,US,0.1383,USD/kWh,1.00000000,0.138300,0,0
retail,2021-08,CN,0.617,CNY/kWh,0.15441175,0.095272,0,0
retail,2021-08,EU,0.2415,EUR/kWh,1.17718182,0.284289,0,0
retail,2021-08,GB,0.20131434455873579,GBP/kWh,1.38025350,0.277865,0,0
retail,2021-08,US,0.1392,USD/kWh,1.00000000,0.139200,0,0
retail,2021-09,CN,0.617,CNY/kWh,0.15485797,0.095547,0,0
retail,2021-09,EU,0.2415,EUR/kWh,1.17703182,0.284253,0,0
retail,2021-09,GB,0.20131434455873579,GBP/kWh,1.37370009,0.276546,0,0
retail,2021-09,US,0.1414,USD/kWh,1.00000000,0.141400,0,0
retail,2021-10,CN,0.617,CNY/kWh,0.15572521,0.096082,0,0
retail,2021-10,EU,0.2415,EUR/kWh,1.16014762,0.280176,0,0
retail,2021-10,GB,0.20131434455873579,GBP/kWh,1.36980394,0.275761,0,0
retail,2021-10,US,0.1406,USD/kWh,1.00000000,0.140600,0,0
retail,2021-11,CN,0.617,CNY/kWh,0.15651311,0.096569,0,0
retail,2021-11,EU,0.2415,EUR/kWh,1.14140455,0.275649,0,0
retail,2021-11,GB,0.20131434455873579,GBP/kWh,1.34621241,0.271012,0,0
retail,2021-11,US,0.1407,USD/kWh,1.00000000,0.140700,0,0
retail,2021-12,CN,0.617,CNY/kWh,0.15701291,0.096877,0,0
retail,2021-12,EU,0.2415,EUR/kWh,1.13037826,0.272986,0,0
retail,2021-12,GB,0.20131434455873579,GBP/kWh,1.33181806,0.268114,0,0
retail,2021-12,US,0.1372,USD/kWh,1.00000000,0.137200,0,0
retail,2022-01,CN,0.617,CNY/kWh,0.15731551,0.097064,0,0
retail,2022-01,EU,0.249,EUR/kWh,1.13144762,0.281730,0,0
retail,2022-01,GB,0.2730521864902914,GBP/kWh,1.35497223,0.369978,0,0
retail,2022-01,US,0.1364,USD/kWh,1.00000000,0.136400,0,0
retail,2022-02,CN,0.617,CNY/kWh,0.15762118,0.097252,0,0
retail,2022-02,EU,0.249,EUR/kWh,1.13419000,0.282413,0,0
retail,2022-02,GB,0.2730521864902914,GBP/kWh,1.35365464,0.369618,0,0
retail,2022-02,US,0.1376,USD/kWh,1.00000000,0.137600,0,0
retail,2022-03,CN,0.617,CNY/kWh,0.15760269,0.097241,0,0
retail,2022-03,EU,0.249,EUR/kWh,1.10189565,0.274372,0,0
retail,2022-03,GB,0.2730521864902914,GBP/kWh,1.31745405,0.359734,0,0
retail,2022-03,US,0.1441,USD/kWh,1.00000000,0.144100,0,0
retail,2022-04,CN,0.617,CNY/kWh,0.15543057,0.095901,0,0
retail,2022-04,EU,0.249,EUR/kWh,1.08187368,0.269387,0,0
retail,2022-04,GB,0.2730521864902914,GBP/kWh,1.29325645,0.353127,0,0
retail,2022-04,US,0.1457,USD/kWh,1.00000000,0.145700,0,0
retail,2022-05,CN,0.617,CNY/kWh,0.14935161,0.092150,0,0
retail,2022-05,EU,0.249,EUR/kWh,1.05785000,0.263405,0,0
retail,2022-05,GB,0.2730521864902914,GBP/kWh,1.24499079,0.339947,0,0
retail,2022-05,US,0.1489,USD/kWh,1.00000000,0.148900,0,0
retail,2022-06,CN,0.617,CNY/kWh,0.14937339,0.092163,0,0
retail,2022-06,EU,0.249,EUR/kWh,1.05658182,0.263089,0,0
retail,2022-06,GB,0.2730521864902914,GBP/kWh,1.23203477,0.336410,0,0
retail,2022-06,US,0.153,USD/kWh,1.00000000,0.153000,0,0
retail,2022-07,CN,0.617,CNY/kWh,0.14851383,0.091633,0,0
retail,2022-07,EU,0.2768,EUR/kWh,1.01789048,0.281752,0,0
retail,2022-07,GB,0.4053437411046613,GBP/kWh,1.19814849,0.485662,0,0
retail,2022-07,US,0.1531,USD/kWh,1.00000000,0.153100,0,0
retail,2022-08,CN,0.617,CNY/kWh,0.14703592,0.090721,0,0
retail,2022-08,EU,0.2768,EUR/kWh,1.01284348,0.280355,0,0
retail,2022-08,GB,0.4053437411046613,GBP/kWh,1.19864799,0.485864,0,0
retail,2022-08,US,0.1582,USD/kWh,1.00000000,0.158200,0,0
retail,2022-09,CN,0.617,CNY/kWh,0.14248449,0.087913,0,0
retail,2022-09,EU,0.2768,EUR/kWh,0.99037727,0.274136,0,0
retail,2022-09,GB,0.4053437411046613,GBP/kWh,1.13233915,0.458987,0,0
retail,2022-09,US,0.1619,USD/kWh,1.00000000,0.161900,0,0
retail,2022-10,CN,0.617,CNY/kWh,0.13900161,0.085764,0,0
retail,2022-10,EU,0.2768,EUR/kWh,0.98256667,0.271974,0,0
retail,2022-10,GB,0.4053437411046613,GBP/kWh,1.12863887,0.457487,0,0
retail,2022-10,US,0.1599,USD/kWh,1.00000000,0.159900,0,0
retail,2022-11,CN,0.617,CNY/kWh,0.13941636,0.086020,0,0
retail,2022-11,EU,0.2768,EUR/kWh,1.02012727,0.282371,0,0
retail,2022-11,GB,0.4053437411046613,GBP/kWh,1.17401626,0.475880,0,0
retail,2022-11,US,0.1555,USD/kWh,1.00000000,0.155500,0,0
retail,2022-12,CN,0.617,CNY/kWh,0.14336547,0.088456,0,0
retail,2022-12,EU,0.2768,EUR/kWh,1.05888095,0.293098,0,0
retail,2022-12,GB,0.4053437411046613,GBP/kWh,1.21780443,0.493629,0,0
retail,2022-12,US,0.1494,USD/kWh,1.00000000,0.149400,0,0
retail,2023-01,CN,0.617,CNY/kWh,0.14717177,0.090805,0,0
retail,2023-01,EU,0.2887,EUR/kWh,1.07690000,0.310901,0,0
retail,2023-01,GB,0.5003155312349934,GBP/kWh,1.22080456,0.610787,0,0
retail,2023-01,US,0.1547,USD/kWh,1.00000000,0.154700,0,0
retail,2023-02,CN,0.617,CNY/kWh,0.14629241,0.090262,0,0
retail,2023-02,EU,0.2887,EUR/kWh,1.07151000,0.309345,0,0
retail,2023-02,GB,0.5003155312349934,GBP/kWh,1.21006211,0.605413,0,0
retail,2023-02,US,0.1598,USD/kWh,1.00000000,0.159800,0,0
retail,2023-03,CN,0.617,CNY/kWh,0.14505198,0.089497,0,0
retail,2023-03,EU,0.2887,EUR/kWh,1.07058261,0.309077,0,0
retail,2023-03,GB,0.5003155312349934,GBP/kWh,1.21392199,0.607344,0,0
retail,2023-03,US,0.1604,USD/kWh,1.00000000,0.160400,0,0
retail,2023-04,CN,0.617,CNY/kWh,0.14515014,0.089558,0,0
retail,2023-04,EU,0.2887,EUR/kWh,1.09677222,0.316638,0,0
retail,2023-04,GB,0.5003155312349934,GBP/kWh,1.24470547,0.622745,0,0
retail,2023-04,US,0.161,USD/kWh,1.00000000,0.161000,0,0
retail,2023-05,CN,0.617,CNY/kWh,0.14309055,0.088287,0,0
retail,2023-05,EU,0.2887,EUR/kWh,1.08675000,0.313745,0,0
retail,2023-05,GB,0.5003155312349934,GBP/kWh,1.24855671,0.624672,0,0
retail,2023-05,US,0.1614,USD/kWh,1.00000000,0.161400,0,0
retail,2023-06,CN,0.617,CNY/kWh,0.13959411,0.086130,0,0
retail,2023-06,EU,0.2887,EUR/kWh,1.08398636,0.312947,0,0
retail,2023-06,GB,0.5003155312349934,GBP/kWh,1.26249514,0.631646,0,0
retail,2023-06,US,0.1609,USD/kWh,1.00000000,0.160900,0,0
retail,2023-07,CN,0.617,CNY/kWh,0.13912680,0.085841,0,0
retail,2023-07,EU,0.2847,EUR/kWh,1.10581429,0.314825,0,0
retail,2023-07,GB,0.32385432204191394,GBP/kWh,1.28799291,0.417122,0,0
retail,2023-07,US,0.1586,USD/kWh,1.00000000,0.158600,0,0
retail,2023-08,CN,0.617,CNY/kWh,0.13791966,0.085096,0,0
retail,2023-08,EU,0.2847,EUR/kWh,1.09088696,0.310576,0,0
retail,2023-08,GB,0.32385432204191394,GBP/kWh,1.27006689,0.411317,0,0
retail,2023-08,US,0.1591,USD/kWh,1.00000000,0.159100,0,0
retail,2023-09,CN,0.617,CNY/kWh,0.13703048,0.084548,0,0
retail,2023-09,EU,0.2847,EUR/kWh,1.06838095,0.304168,0,0
retail,2023-09,GB,0.32385432204191394,GBP/kWh,1.24001908,0.401586,0,0
retail,2023-09,US,0.1627,USD/kWh,1.00000000,0.162700,0,0
retail,2023-10,CN,0.617,CNY/kWh,0.13682062,0.084418,0,0
retail,2023-10,EU,0.2847,EUR/kWh,1.05625455,0.300716,0,0
retail,2023-10,GB,0.32385432204191394,GBP/kWh,1.21690606,0.394100,0,0
retail,2023-10,US,0.1648,USD/kWh,1.00000000,0.164800,0,0
retail,2023-11,CN,0.617,CNY/kWh,0.13841207,0.085400,0,0
retail,2023-11,EU,0.2847,EUR/kWh,1.08082273,0.307710,0,0
retail,2023-11,GB,0.32385432204191394,GBP/kWh,1.24167689,0.402122,0,0
retail,2023-11,US,0.1619,USD/kWh,1.00000000,0.161900,0,0
retail,2023-12,CN,0.617,CNY/kWh,0.14001675,0.086390,0,0
retail,2023-12,EU,0.2847,EUR/kWh,1.09030526,0.310410,0,0
retail,2023-12,GB,0.32385432204191394,GBP/kWh,1.26532116,0.409780,0,0
retail,2023-12,US,0.1569,USD/kWh,1.00000000,0.156900,0,0
retail,2024-01,CN,0.617,CNY/kWh,0.13944968,0.086040,0,0
retail,2024-01,EU,0.2916,EUR/kWh,1.09051364,0.317994,0,0
retail,2024-01,GB,0.3125548551958694,GBP/kWh,1.26991311,0.396918,0,0
retail,2024-01,US,0.1541,USD/kWh,1.00000000,0.154100,0,0
retail,2024-02,CN,0.617,CNY/kWh,0.13901646,0.085773,0,0
retail,2024-02,EU,0.2916,EUR/kWh,1.07947143,0.314774,0,0
retail,2024-02,GB,0.3125548551958694,GBP/kWh,1.26303843,0.394769,0,0
retail,2024-02,US,0.161,USD/kWh,1.00000000,0.161000,0,0
retail,2024-03,CN,0.617,CNY/kWh,0.13885863,0.085676,0,0
retail,2024-03,EU,0.2916,EUR/kWh,1.08722000,0.317033,0,0
retail,2024-03,GB,0.3125548551958694,GBP/kWh,1.27124921,0.397335,0,0
retail,2024-03,US,0.1667,USD/kWh,1.00000000,0.166700,0,0
retail,2024-04,CN,0.617,CNY/kWh,0.13814119,0.085233,0,0
retail,2024-04,EU,0.2916,EUR/kWh,1.07277619,0.312822,0,0
retail,2024-04,GB,0.3125548551958694,GBP/kWh,1.25239950,0.391444,0,0
retail,2024-04,US,0.1686,USD/kWh,1.00000000,0.168600,0,0
retail,2024-05,CN,0.617,CNY/kWh,0.13825261,0.085302,0,0
retail,2024-05,EU,0.2916,EUR/kWh,1.08122273,0.315285,0,0
retail,2024-05,GB,0.3125548551958694,GBP/kWh,1.26364143,0.394957,0,0
retail,2024-05,US,0.164,USD/kWh,1.00000000,0.164000,0,0
retail,2024-06,CN,0.617,CNY/kWh,0.13784612,0.085051,0,0
retail,2024-06,EU,0.2916,EUR/kWh,1.07590000,0.313732,0,0
retail,2024-06,GB,0.3125548551958694,GBP/kWh,1.27110109,0.397289,0,0
retail,2024-06,US,0.1638,USD/kWh,1.00000000,0.163800,0,0
retail,2024-07,CN,0.617,CNY/kWh,0.13770307,0.084963,0,0
retail,2024-07,EU,0.2887,EUR/kWh,1.08440870,0.313069,0,0
retail,2024-07,GB,0.28712591136325144,GBP/kWh,1.28588376,0.369211,0,0
retail,2024-07,US,0.1662,USD/kWh,1.00000000,0.166200,0,0
retail,2024-08,CN,0.617,CNY/kWh,0.13986266,0.086295,0,0
retail,2024-08,EU,0.2887,EUR/kWh,1.10121818,0.317922,0,0
retail,2024-08,GB,0.28712591136325144,GBP/kWh,1.29326304,0.371329,0,0
retail,2024-08,US,0.166,USD/kWh,1.00000000,0.166000,0,0
retail,2024-09,CN,0.617,CNY/kWh,0.14127811,0.087169,0,0
retail,2024-09,EU,0.2887,EUR/kWh,1.11060000,0.320630,0,0
retail,2024-09,GB,0.28712591136325144,GBP/kWh,1.32180866,0.379526,0,0
retail,2024-09,US,0.1682,USD/kWh,1.00000000,0.168200,0,0
retail,2024-10,CN,0.617,CNY/kWh,0.14110951,0.087065,0,0
retail,2024-10,EU,0.2887,EUR/kWh,1.09043478,0.314809,0,0
retail,2024-10,GB,0.28712591136325144,GBP/kWh,1.30597452,0.374979,0,0
retail,2024-10,US,0.1709,USD/kWh,1.00000000,0.170900,0,0
retail,2024-11,CN,0.617,CNY/kWh,0.13874418,0.085605,0,0
retail,2024-11,EU,0.2887,EUR/kWh,1.06301429,0.306892,0,0
retail,2024-11,GB,0.28712591136325144,GBP/kWh,1.27492213,0.366063,0,0
retail,2024-11,US,0.1685,USD/kWh,1.00000000,0.168500,0,0
retail,2024-12,CN,0.617,CNY/kWh,0.13733914,0.084738,0,0
retail,2024-12,EU,0.2887,EUR/kWh,1.04787500,0.302522,0,0
retail,2024-12,GB,0.28712591136325144,GBP/kWh,1.26548533,0.363354,0,0
retail,2024-12,US,0.1627,USD/kWh,1.00000000,0.162700,0,0
retail,2025-01,CN,0.617,CNY/kWh,0.13702657,0.084545,0,0
retail,2025-01,EU,0.2879,EUR/kWh,1.03537273,0.298084,0,0
retail,2025-01,GB,0.2962204883759588,GBP/kWh,1.23393670,0.365517,0,0
retail,2025-01,US,0.1594,USD/kWh,1.00000000,0.159400,0,0
retail,2025-02,CN,0.617,CNY/kWh,0.13746029,0.084813,0,0
retail,2025-02,EU,0.2879,EUR/kWh,1.04125000,0.299776,0,0
retail,2025-02,GB,0.2962204883759588,GBP/kWh,1.25344585,0.371296,0,0
retail,2025-02,US,0.1643,USD/kWh,1.00000000,0.164300,0,0
retail,2025-03,CN,0.617,CNY/kWh,0.13792389,0.085099,0,0
retail,2025-03,EU,0.2879,EUR/kWh,1.08068095,0.311128,0,0
retail,2025-03,GB,0.2962204883759588,GBP/kWh,1.29109721,0.382449,0,0
retail,2025-03,US,0.1709,USD/kWh,1.00000000,0.170900,0,0
retail,2025-04,CN,0.617,CNY/kWh,0.13700569,0.084533,0,0
retail,2025-04,EU,0.2879,EUR/kWh,1.12139500,0.322850,0,0
retail,2025-04,GB,0.2962204883759588,GBP/kWh,1.31343726,0.389067,0,0
retail,2025-04,US,0.1755,USD/kWh,1.00000000,0.175500,0,0
retail,2025-05,CN,0.617,CNY/kWh,0.13863871,0.085540,0,0
retail,2025-05,EU,0.2879,EUR/kWh,1.12780476,0.324695,0,0
retail,2025-05,GB,0.2962204883759588,GBP/kWh,1.33706121,0.396065,0,0
retail,2025-05,US,0.1737,USD/kWh,1.00000000,0.173700,0,0
retail,2025-06,CN,0.617,CNY/kWh,0.13925212,0.085919,0,0
retail,2025-06,EU,0.2879,EUR/kWh,1.15161905,0.331551,0,0
retail,2025-06,GB,0.2962204883759588,GBP/kWh,1.35514961,0.401423,0,0
retail,2025-06,US,0.1747,USD/kWh,1.00000000,0.174700,0,0
retail,2025-07,CN,0.617,CNY/kWh,0.13941901,0.086022,0,0
retail,2025-07,EU,0.2896,EUR/kWh,1.16768696,0.338162,0,0
retail,2025-07,GB,0.2977726534521338,GBP/kWh,1.35041583,0.402117,0,0
retail,2025-07,US,0.1745,USD/kWh,1.00000000,0.174500,0,0
retail,2025-08,CN,0.617,CNY/kWh,0.13939593,0.086007,0,0
retail,2025-08,EU,0.2896,EUR/kWh,1.16314286,0.336846,0,0
retail,2025-08,GB,0.2977726534521338,GBP/kWh,1.34424461,0.400279,0,0
retail,2025-08,US,0.1761,USD/kWh,1.00000000,0.176100,0,0
retail,2025-09,CN,0.617,CNY/kWh,0.14036085,0.086603,0,0
retail,2025-09,EU,0.2896,EUR/kWh,1.17322273,0.339765,0,0
retail,2025-09,GB,0.2977726534521338,GBP/kWh,1.35016844,0.402043,0,0
retail,2025-09,US,0.1808,USD/kWh,1.00000000,0.180800,0,0
retail,2025-10,CN,0.617,CNY/kWh,0.14044664,0.086656,0,0
retail,2025-10,EU,0.2896,EUR/kWh,1.16304348,0.336817,0,0
retail,2025-10,GB,0.2977726534521338,GBP/kWh,1.33445078,0.397363,0,0
retail,2025-10,US,0.1797,USD/kWh,1.00000000,0.179700,0,1
retail,2025-11,CN,0.617,CNY/kWh,0.14072209,0.086826,0,0
retail,2025-11,EU,0.2896,EUR/kWh,1.15602000,0.334783,0,0
retail,2025-11,GB,0.2977726534521338,GBP/kWh,1.31371134,0.391187,0,0
retail,2025-11,US,0.1778,USD/kWh,1.00000000,0.177800,0,1
retail,2025-12,CN,0.617,CNY/kWh,0.14193995,0.087577,0,0
retail,2025-12,EU,0.2896,EUR/kWh,1.17087143,0.339084,0,0
retail,2025-12,GB,0.2977726534521338,GBP/kWh,1.33813878,0.398461,0,0
retail,2025-12,US,0.1724,USD/kWh,1.00000000,0.172400,0,1
retail,2026-01,CN,0.617,CNY/kWh,0.14348788,0.088532,0,0
retail,2026-01,EU,0.2896,EUR/kWh,1.17382381,0.339939,1,1
retail,2026-01,GB,0.2977726534521338,GBP/kWh,1.35189400,0.402557,1,1
retail,2026-01,US,0.1745,USD/kWh,1.00000000,0.174500,0,1
retail,2026-02,CN,0.617,CNY/kWh,0.14475677,0.089315,0,0
retail,2026-02,EU,0.2896,EUR/kWh,1.18239500,0.342422,1,1
retail,2026-02,GB,0.2977726534521338,GBP/kWh,1.35858281,0.404549,1,1
retail,2026-02,US,0.1765,USD/kWh,1.00000000,0.176500,0,1
retail,2026-03,CN,0.617,CNY/kWh,0.14501802,0.089476,0,0
retail,2026-03,EU,0.2896,EUR/kWh,1.15583182,0.334729,1,1
retail,2026-03,GB,0.2977726534521338,GBP/kWh,1.33419977,0.397288,1,1
retail,2026-03,US,0.1883,USD/kWh,1.00000000,0.188300,0,1
retail,2026-04,CN,0.617,CNY/kWh,0.14632140,0.090280,0,0
retail,2026-04,EU,0.2896,EUR/kWh,1.17064000,0.339017,1,1
retail,2026-04,GB,0.2977726534521338,GBP/kWh,1.34659561,0.400979,1,1
retail,2026-04,US,0.1883,USD/kWh,1.00000000,0.188300,0,1
retail,2026-05,CN,0.617,CNY/kWh,0.14710712,0.090765,0,0
retail,2026-05,EU,0.2896,EUR/kWh,1.16732000,0.338056,1,1
retail,2026-05,GB,0.2977726534521338,GBP/kWh,1.34849269,0.401544,1,1
retail,2026-05,US,0.1844,USD/kWh,1.00000000,0.184400,0,1
retail,2026-06,CN,0.617,CNY/kWh,0.14758230,0.091058,0,0
retail,2026-06,EU,0.2896,EUR/kWh,1.15180000,0.333561,1,1
retail,2026-06,GB,0.2977726534521338,GBP/kWh,1.33353402,0.397090,1,1
retail,2026-06,US,0.1834,USD/kWh,1.00000000,0.183400,0,1
retail,2026-07,CN,0.617,CNY/kWh,0.14756876,0.091050,0,0
retail,2026-07,EU,0.2896,EUR/kWh,1.14174783,0.330650,1,1
retail,2026-07,GB,0.2977726534521338,GBP/kWh,1.33707399,0.398144,1,1
retail,2026-07,US,0.1831,USD/kWh,1.00000000,0.183100,0,1
retail,2026-08,CN,0.617,CNY/kWh,0.14845514,0.091597,0,0
retail,2026-08,EU,0.2896,EUR/kWh,1.15930952,0.335736,1,1
retail,2026-08,GB,0.2977726534521338,GBP/kWh,1.35424541,0.403257,1,1
retail,2026-08,US,0.1831,USD/kWh,1.00000000,0.183100,1,1
wholesale,2015-01,EU,39.451488,EUR/MWh,0.00116213,0.045848,0,0
wholesale,2015-02,EU,42.797844,EUR/MWh,0.00113496,0.048574,0,0
wholesale,2015-03,EU,38.581285,EUR/MWh,0.00108377,0.041813,0,0
wholesale,2015-04,EU,37.260222,EUR/MWh,0.00107793,0.040164,0,0
wholesale,2015-05,EU,32.868201,EUR/MWh,0.00111496,0.036647,0,0
wholesale,2015-06,EU,36.345777,EUR/MWh,0.00112132,0.040755,0,0
wholesale,2015-07,EU,42.431812,EUR/MWh,0.00109958,0.046657,0,0
wholesale,2015-08,EU,38.466890,EUR/MWh,0.00111390,0.042848,0,0
wholesale,2015-09,EU,39.259757,EUR/MWh,0.00112212,0.044054,0,0
wholesale,2015-10,EU,42.554524,EUR/MWh,0.00112351,0.047810,0,0
wholesale,2015-11,EU,40.355360,EUR/MWh,0.00107360,0.043326,0,0
wholesale,2015-12,EU,36.917662,EUR/MWh,0.00108772,0.040156,0,0
wholesale,2016-01,EU,35.186767,EUR/MWh,0.00108596,0.038212,0,0
wholesale,2016-02,EU,26.687924,EUR/MWh,0.00110930,0.029605,0,0
wholesale,2016-03,EU,27.642428,EUR/MWh,0.00110997,0.030682,0,0
wholesale,2016-04,EU,26.671353,EUR/MWh,0.00113392,0.030243,0,0
wholesale,2016-05,EU,26.653063,EUR/MWh,0.00113111,0.030148,0,0
wholesale,2016-06,EU,32.747943,EUR/MWh,0.00112289,0.036772,0,0
wholesale,2016-07,EU,33.000969,EUR/MWh,0.00110685,0.036527,0,0
wholesale,2016-08,EU,31.807545,EUR/MWh,0.00112117,0.035662,0,0
wholesale,2016-09,EU,36.015080,EUR/MWh,0.00112121,0.040380,0,0
wholesale,2016-10,EU,45.450451,EUR/MWh,0.00110260,0.050114,0,0
wholesale,2016-11,EU,48.951375,EUR/MWh,0.00107990,0.052862,0,0
wholesale,2016-12,EU,47.390949,EUR/MWh,0.00105429,0.049964,0,0
wholesale,2017-01,EU,60.938063,EUR/MWh,0.00106144,0.064682,0,0
wholesale,2017-02,EU,45.737996,EUR/MWh,0.00106426,0.048677,0,0
wholesale,2017-03,EU,35.983046,EUR/MWh,0.00106847,0.038447,0,0
wholesale,2017-04,EU,35.072608,EUR/MWh,0.00107227,0.037607,0,0
wholesale,2017-05,EU,36.265023,EUR/MWh,0.00110575,0.040100,0,0
wholesale,2017-06,EU,36.862262,EUR/MWh,0.00112295,0.041394,0,0
wholesale,2017-07,EU,38.928549,EUR/MWh,0.00115111,0.044811,0,0
wholesale,2017-08,EU,38.772208,EUR/MWh,0.00118067,0.045777,0,0
wholesale,2017-09,EU,39.907094,EUR/MWh,0.00119146,0.047548,0,0
wholesale,2017-10,EU,42.677369,EUR/MWh,0.00117559,0.050171,0,0
wholesale,2017-11,EU,51.709789,EUR/MWh,0.00117380,0.060697,0,0
wholesale,2017-12,EU,46.628634,EUR/MWh,0.00118362,0.055191,0,0
wholesale,2018-01,EU,37.898936,EUR/MWh,0.00121995,0.046235,0,0
wholesale,2018-02,EU,46.453661,EUR/MWh,0.00123478,0.057360,0,0
wholesale,2018-03,EU,44.457628,EUR/MWh,0.00123362,0.054844,0,0
wholesale,2018-04,EU,38.631041,EUR/MWh,0.00122763,0.047425,0,0
wholesale,2018-05,EU,42.548753,EUR/MWh,0.00118122,0.050260,0,0
wholesale,2018-06,EU,48.130844,EUR/MWh,0.00116783,0.056209,0,0
wholesale,2018-07,EU,52.572365,EUR/MWh,0.00116857,0.061435,0,0
wholesale,2018-08,EU,57.431869,EUR/MWh,0.00115490,0.066328,0,0
wholesale,2018-09,EU,60.308661,EUR/MWh,0.00116587,0.070312,0,0
wholesale,2018-10,EU,60.972536,EUR/MWh,0.00114840,0.070021,0,0
wholesale,2018-11,EU,61.283059,EUR/MWh,0.00113669,0.069660,0,0
wholesale,2018-12,EU,56.097295,EUR/MWh,0.00113842,0.063862,0,0
wholesale,2019-01,EU,59.500614,EUR/MWh,0.00114164,0.067928,0,0
wholesale,2019-02,EU,48.708490,EUR/MWh,0.00113512,0.055290,0,0
wholesale,2019-03,EU,39.817637,EUR/MWh,0.00113025,0.045004,0,0
wholesale,2019-04,EU,43.498569,EUR/MWh,0.00112382,0.048885,0,0
wholesale,2019-05,EU,42.547546,EUR/MWh,0.00111846,0.047588,0,0
wholesale,2019-06,EU,38.181243,EUR/MWh,0.00112934,0.043120,0,0
wholesale,2019-07,EU,44.694123,EUR/MWh,0.00112184,0.050140,0,0
wholesale,2019-08,EU,42.550434,EUR/MWh,0.00111262,0.047343,0,0
wholesale,2019-09,EU,41.962965,EUR/MWh,0.00110039,0.046176,0,0
wholesale,2019-10,EU,43.767885,EUR/MWh,0.00110526,0.048375,0,0
wholesale,2019-11,EU,44.423364,EUR/MWh,0.00110510,0.049092,0,0
wholesale,2019-12,EU,37.529714,EUR/MWh,0.00111134,0.041708,0,0
wholesale,2020-01,EU,39.432517,EUR/MWh,0.00111004,0.043772,0,0
wholesale,2020-02,EU,30.126224,EUR/MWh,0.00109050,0.032853,0,0
wholesale,2020-03,EU,26.019694,EUR/MWh,0.00110634,0.028787,0,0
wholesale,2020-04,EU,19.133698,EUR/MWh,0.00108619,0.020783,0,0
wholesale,2020-05,EU,19.906774,EUR/MWh,0.00109018,0.021702,0,0
wholesale,2020-06,EU,28.467273,EUR/MWh,0.00112546,0.032039,0,0
wholesale,2020-07,EU,32.732714,EUR/MWh,0.00114634,0.037523,0,0
wholesale,2020-08,EU,37.465861,EUR/MWh,0.00118281,0.044315,0,0
wholesale,2020-09,EU,44.706547,EUR/MWh,0.00117924,0.052720,0,0
wholesale,2020-10,EU,37.715868,EUR/MWh,0.00117752,0.044411,0,0
wholesale,2020-11,EU,41.249780,EUR/MWh,0.00118379,0.048831,0,0
wholesale,2020-12,EU,47.462137,EUR/MWh,0.00121697,0.057760,0,0
wholesale,2021-01,EU,56.506258,EUR/MWh,0.00121708,0.068773,0,0
wholesale,2021-02,EU,48.812047,EUR/MWh,0.00120979,0.059052,0,0
wholesale,2021-03,EU,50.161936,EUR/MWh,0.00118991,0.059688,0,0
wholesale,2021-04,EU,58.914914,EUR/MWh,0.00119791,0.070575,0,0
wholesale,2021-05,EU,58.728927,EUR/MWh,0.00121459,0.071332,0,0
wholesale,2021-06,EU,75.138868,EUR/MWh,0.00120471,0.090520,0,0
wholesale,2021-07,EU,85.512823,EUR/MWh,0.00118218,0.101092,0,0
wholesale,2021-08,EU,89.829490,EUR/MWh,0.00117718,0.105746,0,0
wholesale,2021-09,EU,133.628599,EUR/MWh,0.00117703,0.157285,0,0
wholesale,2021-10,EU,160.948370,EUR/MWh,0.00116015,0.186724,0,0
wholesale,2021-11,EU,184.829507,EUR/MWh,0.00114140,0.210965,0,0
wholesale,2021-12,EU,237.338362,EUR/MWh,0.00113038,0.268282,0,0
wholesale,2022-01,EU,183.885067,EUR/MWh,0.00113145,0.208056,0,0
wholesale,2022-02,EU,161.717683,EUR/MWh,0.00113419,0.183419,0,0
wholesale,2022-03,EU,253.713754,EUR/MWh,0.00110190,0.279566,0,0
wholesale,2022-04,EU,186.583255,EUR/MWh,0.00108187,0.201860,0,0
wholesale,2022-05,EU,182.877964,EUR/MWh,0.00105785,0.193457,0,0
wholesale,2022-06,EU,215.482371,EUR/MWh,0.00105658,0.227675,0,0
wholesale,2022-07,EU,306.662140,EUR/MWh,0.00101789,0.312148,0,0
wholesale,2022-08,EU,409.702297,EUR/MWh,0.00101284,0.414964,0,0
wholesale,2022-09,EU,324.008668,EUR/MWh,0.00099038,0.320891,0,0
wholesale,2022-10,EU,161.152025,EUR/MWh,0.00098257,0.158343,0,0
wholesale,2022-11,EU,180.084801,EUR/MWh,0.00102013,0.183709,0,0
wholesale,2022-12,EU,238.481646,EUR/MWh,0.00105888,0.252524,0,0
wholesale,2023-01,EU,124.442502,EUR/MWh,0.00107690,0.134012,0,0
wholesale,2023-02,EU,135.581195,EUR/MWh,0.00107151,0.145277,0,0
wholesale,2023-03,EU,107.013027,EUR/MWh,0.00107058,0.114566,0,0
wholesale,2023-04,EU,101.719581,EUR/MWh,0.00109677,0.111563,0,0
wholesale,2023-05,EU,81.403097,EUR/MWh,0.00108675,0.088465,0,0
wholesale,2023-06,EU,92.590475,EUR/MWh,0.00108399,0.100367,0,0
wholesale,2023-07,EU,84.753995,EUR/MWh,0.00110581,0.093722,0,0
wholesale,2023-08,EU,93.291493,EUR/MWh,0.00109089,0.101770,0,0
wholesale,2023-09,EU,95.273944,EUR/MWh,0.00106838,0.101789,0,0
wholesale,2023-10,EU,90.867544,EUR/MWh,0.00105625,0.095979,0,0
wholesale,2023-11,EU,91.386069,EUR/MWh,0.00108082,0.098772,0,0
wholesale,2023-12,EU,78.048305,EUR/MWh,0.00109031,0.085096,0,0
wholesale,2024-01,EU,82.608455,EUR/MWh,0.00109051,0.090086,0,0
wholesale,2024-02,EU,62.679248,EUR/MWh,0.00107947,0.067660,0,0
wholesale,2024-03,EU,59.955659,EUR/MWh,0.00108722,0.065185,0,0
wholesale,2024-04,EU,52.881213,EUR/MWh,0.00107278,0.056730,0,0
wholesale,2024-05,EU,58.081567,EUR/MWh,0.00108122,0.062799,0,0
wholesale,2024-06,EU,69.075787,EUR/MWh,0.00107590,0.074319,0,0
wholesale,2024-07,EU,74.460678,EUR/MWh,0.00108441,0.080746,0,0
wholesale,2024-08,EU,82.875717,EUR/MWh,0.00110122,0.091264,0,0
wholesale,2024-09,EU,77.455793,EUR/MWh,0.00111060,0.086022,0,0
wholesale,2024-10,EU,80.063195,EUR/MWh,0.00109043,0.087304,0,0
wholesale,2024-11,EU,111.537118,EUR/MWh,0.00106301,0.118566,0,0
wholesale,2024-12,EU,107.931952,EUR/MWh,0.00104788,0.113099,0,0
wholesale,2025-01,EU,111.181876,EUR/MWh,0.00103537,0.115115,0,0
wholesale,2025-02,EU,124.323135,EUR/MWh,0.00104125,0.129451,0,0
wholesale,2025-03,EU,87.934875,EUR/MWh,0.00108068,0.095030,0,0
wholesale,2025-04,EU,68.421675,EUR/MWh,0.00112140,0.076728,0,0
wholesale,2025-05,EU,59.231589,EUR/MWh,0.00112780,0.066802,0,0
wholesale,2025-06,EU,68.229081,EUR/MWh,0.00115162,0.078574,0,0
wholesale,2025-07,EU,81.646898,EUR/MWh,0.00116769,0.095338,0,0
wholesale,2025-08,EU,75.738908,EUR/MWh,0.00116314,0.088095,0,0
wholesale,2025-09,EU,80.793748,EUR/MWh,0.00117322,0.094789,0,0
wholesale,2025-10,EU,84.151337,EUR/MWh,0.00116304,0.097872,0,0
wholesale,2025-11,EU,90.380922,EUR/MWh,0.00115602,0.104482,0,0
wholesale,2025-12,EU,89.449989,EUR/MWh,0.00117087,0.104734,0,0
wholesale,2026-01,EU,112.383732,EUR/MWh,0.00117382,0.131919,0,0
wholesale,2026-02,EU,84.649971,EUR/MWh,0.00118240,0.100090,0,0
wholesale,2026-03,EU,88.218823,EUR/MWh,0.00115583,0.101966,0,0
wholesale,2026-04,EU,72.918798,EUR/MWh,0.00117064,0.085362,0,0
wholesale,2026-05,EU,84.612262,EUR/MWh,0.00116732,0.098770,0,0
wholesale,2026-06,EU,97.299007,EUR/MWh,0.00115180,0.112069,0,0
wholesale,2026-07,EU,106.864857,EUR/MWh,0.00114175,0.122013,0,0
wholesale,2026-08,EU,129.003948,EUR/MWh,0.00115931,0.149556,0,0
