month,status,level_usd_per_kwh,index_2015_100,equal_level_usd_per_kwh,equal_index_2015_100,composition,contrib_EU,contrib_US,contrib_CN,weight_EU,weight_US,weight_CN
2015-01,final,0.137926,100.740,0.154096,101.340,CN|EU|US,0.053570,0.039414,0.044942,0.221297619187,0.325736642739,0.452965738074
2015-02,final,0.137052,100.102,0.152666,100.399,CN|EU|US,0.052318,0.040033,0.044701,0.221297619187,0.325736642739,0.452965738074
2015-03,final,0.134913,98.539,0.149311,98.193,CN|EU|US,0.049958,0.040163,0.044792,0.221297619187,0.325736642739,0.452965738074
2015-04,final,0.135853,99.226,0.150068,98.691,CN|EU|US,0.049689,0.041108,0.045057,0.221297619187,0.325736642739,0.452965738074
2015-05,final,0.138566,101.207,0.153669,101.059,CN|EU|US,0.051395,0.042118,0.045053,0.221297619187,0.325736642739,0.452965738074
2015-06,final,0.138810,101.386,0.154065,101.319,CN|EU|US,0.051689,0.042085,0.045036,0.221297619187,0.325736642739,0.452965738074
2015-07,final,0.137997,100.792,0.152826,100.504,CN|EU|US,0.050833,0.042150,0.045014,0.221297619187,0.325736642739,0.452965738074
2015-08,final,0.137627,100.522,0.153036,100.643,CN|EU|US,0.051495,0.042053,0.044079,0.221297619187,0.325736642739,0.452965738074
2015-09,final,0.138203,100.942,0.153864,101.187,CN|EU|US,0.051874,0.042443,0.043885,0.221297619187,0.325736642739,0.452965738074
2015-10,final,0.137383,100.343,0.153021,100.633,CN|EU|US,0.051939,0.041434,0.044011,0.221297619187,0.325736642739,0.452965738074
2015-11,final,0.134901,98.531,0.149407,98.256,CN|EU|US,0.049632,0.041401,0.043868,0.221297619187,0.325736642739,0.452965738074
2015-12,final,0.133723,97.670,0.148678,97.777,CN|EU|US,0.050284,0.040131,0.043308,0.221297619187,0.325736642739,0.452965738074
2016-01,final,0.131130,95.776,0.145494,95.683,CN|EU|US,0.049828,0.038878,0.042424,0.223714946792,0.324251212077,0.452033841131
2016-02,final,0.132844,97.028,0.147705,97.137,CN|EU|US,0.050899,0.039364,0.042582,0.223714946792,0.324251212077,0.452033841131
2016-03,final,0.134521,98.253,0.149361,98.226,CN|EU|US,0.050930,0.040726,0.042866,0.223714946792,0.324251212077,0.452033841131
2016-04,final,0.135384,98.883,0.150702,99.108,CN|EU|US,0.052029,0.040304,0.043051,0.223714946792,0.324251212077,0.452033841131
2016-05,final,0.136081,99.392,0.151458,99.605,CN|EU|US,0.051900,0.041472,0.042710,0.223714946792,0.324251212077,0.452033841131
2016-06,final,0.135108,98.682,0.150400,98.909,CN|EU|US,0.051523,0.041277,0.042308,0.223714946792,0.324251212077,0.452033841131
2016-07,final,0.134115,97.956,0.149403,98.253,CN|EU|US,0.051233,0.041115,0.041768,0.223714946792,0.324251212077,0.452033841131
2016-08,final,0.135611,99.049,0.151193,99.431,CN|EU|US,0.051895,0.041764,0.041952,0.223714946792,0.324251212077,0.452033841131
2016-09,final,0.135424,98.913,0.151047,99.335,CN|EU|US,0.051897,0.041731,0.041796,0.223714946792,0.324251212077,0.452033841131
2016-10,final,0.132883,97.057,0.148139,97.422,CN|EU|US,0.051036,0.040402,0.041446,0.223714946792,0.324251212077,0.452033841131
2016-11,final,0.132092,96.479,0.147037,96.697,CN|EU|US,0.049985,0.041342,0.040765,0.223714946792,0.324251212077,0.452033841131
2016-12,final,0.128745,94.034,0.143188,94.166,CN|EU|US,0.048800,0.039656,0.040290,0.223714946792,0.324251212077,0.452033841131
2017-01,final,0.128915,94.158,0.144439,94.989,CN|EU|US,0.048819,0.038613,0.041483,0.220166055016,0.316240383984,0.463593561000
2017-02,final,0.131016,95.693,0.146667,96.454,CN|EU|US,0.048948,0.040447,0.041620,0.220166055016,0.316240383984,0.463593561000
2017-03,final,0.131378,95.957,0.147188,96.797,CN|EU|US,0.049142,0.040763,0.041473,0.220166055016,0.316240383984,0.463593561000
2017-04,final,0.131050,95.718,0.146911,96.615,CN|EU|US,0.049317,0.040226,0.041508,0.220166055016,0.316240383984,0.463593561000
2017-05,final,0.133734,97.678,0.150436,98.933,CN|EU|US,0.050856,0.041333,0.041545,0.220166055016,0.316240383984,0.463593561000
2017-06,final,0.135401,98.896,0.152400,100.224,CN|EU|US,0.051647,0.041744,0.042010,0.220166055016,0.316240383984,0.463593561000
2017-07,final,0.136540,99.728,0.154122,101.357,CN|EU|US,0.052943,0.041364,0.042232,0.220166055016,0.316240383984,0.463593561000
2017-08,final,0.138767,101.354,0.156879,103.170,CN|EU|US,0.054302,0.041586,0.042879,0.220166055016,0.316240383984,0.463593561000
2017-09,final,0.140344,102.506,0.158544,104.265,CN|EU|US,0.054798,0.041997,0.043549,0.220166055016,0.316240383984,0.463593561000
2017-10,final,0.137718,100.588,0.155568,102.308,CN|EU|US,0.054068,0.040479,0.043171,0.220166055016,0.316240383984,0.463593561000
2017-11,final,0.138106,100.871,0.155929,102.545,CN|EU|US,0.053986,0.040922,0.043198,0.220166055016,0.316240383984,0.463593561000
2017-12,final,0.137174,100.191,0.155099,101.999,CN|EU|US,0.054438,0.039372,0.043365,0.220166055016,0.316240383984,0.463593561000
2018-01,final,0.138419,101.100,0.158255,104.075,CN|EU|US,0.055112,0.036956,0.046350,0.214817104813,0.302423513045,0.482759382142
2018-02,final,0.141091,103.052,0.161188,106.004,CN|EU|US,0.055782,0.038196,0.047112,0.214817104813,0.302423513045,0.482759382142
2018-03,final,0.142075,103.770,0.162245,106.699,CN|EU|US,0.055730,0.039224,0.047120,0.214817104813,0.302423513045,0.482759382142
2018-04,final,0.141688,103.488,0.161633,106.296,CN|EU|US,0.055460,0.038952,0.047276,0.214817104813,0.302423513045,0.482759382142
2018-05,final,0.139772,102.088,0.158803,104.435,CN|EU|US,0.053363,0.039678,0.046731,0.214817104813,0.302423513045,0.482759382142
2018-06,final,0.138229,100.961,0.157105,103.319,CN|EU|US,0.052758,0.039406,0.046066,0.214817104813,0.302423513045,0.482759382142
2018-07,final,0.138068,100.844,0.158207,104.043,CN|EU|US,0.054022,0.039708,0.044338,0.214817104813,0.302423513045,0.482759382142
2018-08,final,0.136984,100.052,0.157076,103.299,CN|EU|US,0.053389,0.040101,0.043494,0.214817104813,0.302423513045,0.482759382142
2018-09,final,0.136688,99.836,0.156997,103.247,CN|EU|US,0.053897,0.039345,0.043446,0.214817104813,0.302423513045,0.482759382142
2018-10,final,0.134988,98.594,0.154929,101.887,CN|EU|US,0.053089,0.038861,0.043038,0.214817104813,0.302423513045,0.482759382142
2018-11,final,0.134483,98.225,0.154176,101.392,CN|EU|US,0.052547,0.039013,0.042923,0.214817104813,0.302423513045,0.482759382142
2018-12,final,0.133472,97.487,0.152961,100.593,CN|EU|US,0.052628,0.037591,0.043253,0.214817104813,0.302423513045,0.482759382142
2019-01,final,0.132934,97.094,0.154364,101.516,CN|EU|US,0.050562,0.037074,0.045298,0.204282677887,0.297308718246,0.498408603868
2019-02,final,0.133729,97.675,0.154954,101.904,CN|EU|US,0.050273,0.037818,0.045639,0.204282677887,0.297308718246,0.498408603868
2019-03,final,0.134044,97.905,0.155119,102.012,CN|EU|US,0.050057,0.038174,0.045813,0.204282677887,0.297308718246,0.498408603868
2019-04,final,0.134947,98.564,0.156000,102.592,CN|EU|US,0.049772,0.039393,0.045781,0.204282677887,0.297308718246,0.498408603868
2019-05,final,0.133929,97.821,0.155171,102.047,CN|EU|US,0.049535,0.039572,0.044822,0.204282677887,0.297308718246,0.498408603868
2019-06,final,0.134179,98.003,0.155816,102.471,CN|EU|US,0.050017,0.039602,0.044561,0.204282677887,0.297308718246,0.498408603868
2019-07,final,0.133846,97.760,0.155215,102.076,CN|EU|US,0.049707,0.039423,0.044716,0.204282677887,0.297308718246,0.498408603868
2019-08,final,0.132383,96.691,0.153896,101.208,CN|EU|US,0.049299,0.039542,0.043541,0.204282677887,0.297308718246,0.498408603868
2019-09,final,0.131088,95.746,0.152320,100.172,CN|EU|US,0.048757,0.039126,0.043205,0.204282677887,0.297308718246,0.498408603868
2019-10,final,0.130385,95.232,0.151587,99.690,CN|EU|US,0.048973,0.038085,0.043327,0.204282677887,0.297308718246,0.498408603868
2019-11,final,0.131514,96.057,0.152631,100.376,CN|EU|US,0.048966,0.038739,0.043810,0.204282677887,0.297308718246,0.498408603868
2019-12,final,0.130771,95.514,0.151930,99.915,CN|EU|US,0.049243,0.037699,0.043830,0.204282677887,0.297308718246,0.498408603868
2020-01,final,0.129620,94.673,0.151393,99.562,CN|EU|US,0.047022,0.036862,0.045736,0.198039434172,0.288887890160,0.513072675668
2020-02,final,0.128473,93.836,0.149880,98.567,CN|EU|US,0.046194,0.037035,0.045243,0.198039434172,0.288887890160,0.513072675668
2020-03,final,0.129625,94.677,0.151642,99.726,CN|EU|US,0.046865,0.037671,0.045089,0.198039434172,0.288887890160,0.513072675668
2020-04,final,0.128999,94.220,0.150645,99.070,CN|EU|US,0.046012,0.038249,0.044739,0.198039434172,0.288887890160,0.513072675668
2020-05,final,0.128567,93.904,0.150335,98.866,CN|EU|US,0.046181,0.037844,0.044541,0.198039434172,0.288887890160,0.513072675668
2020-06,final,0.130550,95.353,0.153342,100.844,CN|EU|US,0.047675,0.038191,0.044684,0.198039434172,0.288887890160,0.513072675668
2020-07,final,0.132203,96.560,0.155644,102.358,CN|EU|US,0.048878,0.038162,0.045163,0.198039434172,0.288887890160,0.513072675668
2020-08,final,0.134428,98.185,0.158770,104.413,CN|EU|US,0.050433,0.038307,0.045689,0.198039434172,0.288887890160,0.513072675668
2020-09,final,0.135721,99.129,0.159788,105.083,CN|EU|US,0.050280,0.038971,0.046470,0.198039434172,0.288887890160,0.513072675668
2020-10,final,0.136720,99.859,0.160608,105.622,CN|EU|US,0.050207,0.039462,0.047051,0.198039434172,0.288887890160,0.513072675668
2020-11,final,0.136877,99.974,0.160476,105.535,CN|EU|US,0.050474,0.038451,0.047951,0.198039434172,0.288887890160,0.513072675668
2020-12,final,0.137206,100.214,0.161381,106.131,CN|EU|US,0.051889,0.036920,0.048397,0.198039434172,0.288887890160,0.513072675668
2021-01,final,0.136795,99.914,0.163235,107.350,CN|EU|US,0.050865,0.035391,0.050539,0.189705683533,0.280438155094,0.529856161373
2021-02,final,0.137662,100.547,0.164049,107.885,CN|EU|US,0.050560,0.036485,0.050617,0.189705683533,0.280438155094,0.529856161373
2021-03,final,0.137076,100.119,0.163104,107.264,CN|EU|US,0.049729,0.037130,0.050217,0.189705683533,0.280438155094,0.529856161373
2021-04,final,0.138742,101.336,0.165298,108.707,CN|EU|US,0.050063,0.038504,0.050175,0.189705683533,0.280438155094,0.529856161373
2021-05,final,0.140465,102.594,0.167372,110.070,CN|EU|US,0.050760,0.038869,0.050836,0.189705683533,0.280438155094,0.529856161373
2021-06,final,0.140022,102.271,0.166581,109.550,CN|EU|US,0.050347,0.038785,0.050890,0.189705683533,0.280438155094,0.529856161373
2021-07,final,0.143441,104.768,0.173033,113.793,CN|EU|US,0.054160,0.038785,0.050496,0.189705683533,0.280438155094,0.529856161373
2021-08,final,0.143449,104.774,0.172920,113.719,CN|EU|US,0.053931,0.039037,0.050480,0.189705683533,0.280438155094,0.529856161373
2021-09,final,0.144205,105.326,0.173733,114.254,CN|EU|US,0.053924,0.039654,0.050626,0.189705683533,0.280438155094,0.529856161373
2021-10,final,0.143490,104.804,0.172286,113.302,CN|EU|US,0.053151,0.039430,0.050910,0.189705683533,0.280438155094,0.529856161373
2021-11,final,0.142918,104.386,0.170973,112.439,CN|EU|US,0.052292,0.039458,0.051168,0.189705683533,0.280438155094,0.529856161373
2021-12,final,0.141594,103.419,0.169021,111.155,CN|EU|US,0.051787,0.038476,0.051331,0.189705683533,0.280438155094,0.529856161373
2022-01,final,0.141880,103.628,0.171731,112.937,CN|EU|US,0.052197,0.036763,0.052920,0.185273832793,0.269523747509,0.545202419699
2022-02,final,0.142432,104.031,0.172422,113.392,CN|EU|US,0.052324,0.037086,0.053022,0.185273832793,0.269523747509,0.545202419699
2022-03,final,0.142688,104.218,0.171904,113.051,CN|EU|US,0.050834,0.038838,0.053016,0.185273832793,0.269523747509,0.545202419699
2022-04,final,0.141465,103.325,0.170329,112.015,CN|EU|US,0.049910,0.039270,0.052285,0.185273832793,0.269523747509,0.545202419699
2022-05,final,0.139175,101.652,0.168152,110.583,CN|EU|US,0.048802,0.040132,0.050240,0.185273832793,0.269523747509,0.545202419699
2022-06,final,0.140228,102.421,0.169417,111.415,CN|EU|US,0.048744,0.041237,0.050247,0.185273832793,0.269523747509,0.545202419699
2022-07,final,0.143424,104.756,0.175495,115.413,CN|EU|US,0.052201,0.041264,0.049959,0.185273832793,0.269523747509,0.545202419699
2022-08,final,0.144042,105.207,0.176425,116.024,CN|EU|US,0.051942,0.042639,0.049461,0.185273832793,0.269523747509,0.545202419699
2022-09,final,0.142357,103.976,0.174650,114.857,CN|EU|US,0.050790,0.043636,0.047930,0.185273832793,0.269523747509,0.545202419699
2022-10,final,0.140245,102.434,0.172546,113.473,CN|EU|US,0.050390,0.043097,0.046759,0.185273832793,0.269523747509,0.545202419699
2022-11,final,0.141125,103.077,0.174630,114.844,CN|EU|US,0.052316,0.041911,0.046898,0.185273832793,0.269523747509,0.545202419699
2022-12,final,0.142797,104.298,0.176985,116.392,CN|EU|US,0.054303,0.040267,0.048226,0.185273832793,0.269523747509,0.545202419699
2023-01,final,0.146802,107.223,0.185469,121.972,CN|EU|US,0.054541,0.042095,0.050167,0.175428427044,0.272106285981,0.552465286975
2023-02,final,0.147617,107.818,0.186469,122.629,CN|EU|US,0.054268,0.043483,0.049867,0.175428427044,0.272106285981,0.552465286975
2023-03,final,0.147311,107.595,0.186325,122.535,CN|EU|US,0.054221,0.043646,0.049444,0.175428427044,0.272106285981,0.552465286975
2023-04,final,0.148834,108.707,0.189065,124.337,CN|EU|US,0.055547,0.043809,0.049478,0.175428427044,0.272106285981,0.552465286975
2023-05,final,0.147733,107.903,0.187811,123.512,CN|EU|US,0.055040,0.043918,0.048776,0.175428427044,0.272106285981,0.552465286975
2023-06,final,0.146266,106.831,0.186659,122.754,CN|EU|US,0.054900,0.043782,0.047584,0.175428427044,0.272106285981,0.552465286975
2023-07,final,0.145809,106.498,0.186422,122.599,CN|EU|US,0.055229,0.043156,0.047424,0.175428427044,0.272106285981,0.552465286975
2023-08,final,0.144789,105.753,0.184924,121.613,CN|EU|US,0.054484,0.043292,0.047013,0.175428427044,0.272106285981,0.552465286975
2023-09,final,0.144341,105.425,0.183805,120.877,CN|EU|US,0.053360,0.044272,0.046710,0.175428427044,0.272106285981,0.552465286975
2023-10,final,0.144235,105.348,0.183311,120.553,CN|EU|US,0.052754,0.044843,0.046638,0.175428427044,0.272106285981,0.552465286975
2023-11,final,0.145216,106.065,0.185003,121.665,CN|EU|US,0.053981,0.044054,0.047181,0.175428427044,0.272106285981,0.552465286975
2023-12,final,0.144876,105.816,0.184567,121.379,CN|EU|US,0.054455,0.042693,0.047727,0.175428427044,0.272106285981,0.552465286975
2024-01,final,0.142206,103.866,0.186045,122.351,CN|EU|US,0.052643,0.040227,0.049336,0.165547911461,0.261043492158,0.573408596380
2024-02,final,0.143321,104.680,0.187182,123.098,CN|EU|US,0.052110,0.042028,0.049183,0.165547911461,0.261043492158,0.573408596380
2024-03,final,0.145127,106.000,0.189803,124.822,CN|EU|US,0.052484,0.043516,0.049127,0.165547911461,0.261043492158,0.573408596380
2024-04,final,0.144672,105.667,0.188885,124.218,CN|EU|US,0.051787,0.044012,0.048873,0.165547911461,0.261043492158,0.573408596380
2024-05,final,0.143919,105.117,0.188196,123.765,CN|EU|US,0.052195,0.042811,0.048913,0.165547911461,0.261043492158,0.573408596380
2024-06,final,0.143466,104.786,0.187528,123.326,CN|EU|US,0.051938,0.042759,0.048769,0.165547911461,0.261043492158,0.573408596380
2024-07,final,0.143932,105.127,0.188077,123.687,CN|EU|US,0.051828,0.043385,0.048719,0.165547911461,0.261043492158,0.573408596380
2024-08,final,0.145447,106.233,0.190072,124.999,CN|EU|US,0.052631,0.043333,0.049482,0.165547911461,0.261043492158,0.573408596380
2024-09,final,0.146971,107.346,0.192000,126.267,CN|EU|US,0.053080,0.043908,0.049983,0.165547911461,0.261043492158,0.573408596380
2024-10,final,0.146652,107.113,0.190925,125.560,CN|EU|US,0.052116,0.044612,0.049924,0.165547911461,0.261043492158,0.573408596380
2024-11,final,0.143878,105.087,0.186999,122.978,CN|EU|US,0.050805,0.043986,0.049087,0.165547911461,0.261043492158,0.573408596380
2024-12,final,0.141143,103.090,0.183320,120.559,CN|EU|US,0.050082,0.042472,0.048589,0.165547911461,0.261043492158,0.573408596380
2025-01,final,0.138058,100.836,0.180676,118.820,CN|EU|US,0.047896,0.040888,0.049273,0.160680701251,0.256511509163,0.582807789585
2025-02,final,0.139743,102.067,0.182963,120.324,CN|EU|US,0.048168,0.042145,0.049430,0.160680701251,0.256511509163,0.582807789585
2025-03,final,0.143426,104.757,0.189042,124.322,CN|EU|US,0.049992,0.043838,0.049596,0.160680701251,0.256511509163,0.582807789585
2025-04,final,0.146160,106.754,0.194294,127.775,CN|EU|US,0.051876,0.045018,0.049266,0.160680701251,0.256511509163,0.582807789585
2025-05,final,0.146582,107.062,0.194645,128.006,CN|EU|US,0.052172,0.044556,0.049853,0.160680701251,0.256511509163,0.582807789585
2025-06,final,0.148161,108.216,0.197390,129.812,CN|EU|US,0.053274,0.044813,0.050074,0.160680701251,0.256511509163,0.582807789585
2025-07,final,0.149232,108.998,0.199561,131.239,CN|EU|US,0.054336,0.044761,0.050134,0.160680701251,0.256511509163,0.582807789585
2025-08,final,0.149422,109.137,0.199651,131.298,CN|EU|US,0.054125,0.045172,0.050126,0.160680701251,0.256511509163,0.582807789585
2025-09,provisional,0.151444,110.613,0.202389,133.099,CN|EU|US,0.054594,0.046377,0.050473,0.160680701251,0.256511509163,0.582807789585
2025-10,provisional,0.150719,110.084,0.201058,132.224,CN|EU|US,0.054120,0.046095,0.050504,0.160680701251,0.256511509163,0.582807789585
2025-11,provisional,0.150004,109.562,0.199803,131.398,CN|EU|US,0.053793,0.045608,0.050603,0.160680701251,0.256511509163,0.582807789585
2025-12,provisional,0.149747,109.374,0.199687,131.322,CN|EU|US,0.054484,0.044223,0.051041,0.160680701251,0.256511509163,0.582807789585
2026-01,provisional,0.149631,109.289,0.200990,132.179,CN|EU|US,0.053007,0.044448,0.052177,0.155929778306,0.254717049529,0.589353172165
2026-02,provisional,0.150989,110.281,0.202746,133.334,CN|EU|US,0.053394,0.044958,0.052638,0.155929778306,0.254717049529,0.589353172165
2026-03,provisional,0.152890,111.670,0.204168,134.269,CN|EU|US,0.052194,0.047963,0.052733,0.155929778306,0.254717049529,0.589353172165
2026-04,provisional,0.154033,112.504,0.205866,135.386,CN|EU|US,0.052863,0.047963,0.053207,0.155929778306,0.254717049529,0.589353172165
2026-05,provisional,0.153175,111.878,0.204407,134.426,CN|EU|US,0.052713,0.046970,0.053493,0.155929778306,0.254717049529,0.589353172165
2026-06,provisional,0.152393,111.307,0.202673,133.286,CN|EU|US,0.052012,0.046715,0.053665,0.155929778306,0.254717049529,0.589353172165
2026-07,provisional,0.151857,110.915,0.201600,132.580,CN|EU|US,0.051558,0.046639,0.053661,0.155929778306,0.254717049529,0.589353172165
2026-08,provisional,0.152973,111.730,0.203478,133.815,CN|EU|US,0.052351,0.046639,0.053983,0.155929778306,0.254717049529,0.589353172165
