year,region,demand_twh_year_minus_1,share_of_four,share_retail_renormalised
2015,EU,2818.88,0.199176030423,0.215238216389
2015,US,4149.22,0.293175008852,0.316817570173
2015,CN,5769.859,0.407685893589,0.440562975358
2015,RU,1056.148,0.074625158282,
2015,GB,358.6,0.025337908854,0.027381238080
2016,EU,2863.72,0.201434673040,0.217595766315
2016,US,4150.66,0.291958305980,0.315382105588
2016,CN,5786.374,0.407014776157,0.439669550345
2016,RU,1055.885,0.074271175165,
2016,GB,359.98,0.025321069658,0.027352577751
2017,EU,2892.05,0.198504828725,0.214341876943
2017,US,4154.06,0.285126802377,0.307874696957
2017,CN,6089.657,0.417982510599,0.451329856440
2017,RU,1076.47,0.073886859832,
2017,GB,356.93,0.024498998467,0.026453569661
2018,EU,2918.43,0.194313046125,0.209377105210
2018,US,4108.62,0.273557518108,0.294764980490
2018,CN,6558.6,0.436680524911,0.470534048181
2018,RU,1080.588,0.071947021476,
2018,GB,352.98,0.023501889379,0.025323866119
2019,EU,2917.46,0.185459861899,0.199356924169
2019,US,4246.01,0.269914387248,0.290139879755
2019,CN,7118.015,0.452484722634,0.486390756545
2019,RU,1096.596,0.069709453675,
2019,GB,352.87,0.022431574544,0.024112439530
2020,EU,2877.43,0.180090905717,0.193402433845
2020,US,4197.42,0.262705667722,0.282123715909
2020,CN,7454.731,0.466572343260,0.501059319970
2020,RU,1099.712,0.068828131391,
2020,GB,348.36,0.021802951910,0.023414530276
2021,EU,2767.06,0.173101282135,0.185577612381
2021,US,4090.49,0.255892197336,0.274335709261
2021,CN,7728.518,0.483479351661,0.518326280487
2021,RU,1074.681,0.067229716373,
2021,GB,324.459,0.020297452495,0.021760397872
2022,EU,2882.27,0.169364343261,0.181475538734
2022,US,4192.93,0.246379706200,0.263998248126
2022,CN,8481.611,0.498385812852,0.534025238981
2022,RU,1135.747,0.066737344095,
2022,GB,325.605,0.019132793592,0.020500974159
2023,EU,2790.35,0.160529780781,0.171908563016
2023,US,4328.1,0.248997059222,0.266646639881
2023,CN,8787.467,0.505545953422,0.541380409096
2023,RU,1150.539,0.066190898436,
2023,GB,325.677,0.018736308139,0.020064388008
2024,EU,2709.72,0.151905401703,0.162487439652
2024,US,4272.81,0.239531360971,0.256217600719
2024,CN,9385.662,0.526155010983,0.562808034713
2024,RU,1161.718,0.065125267355,
2024,GB,308.297,0.017282958988,0.018486924916
2025,EU,2759.248,0.147778972948,0.157864974015
2025,US,4404.83,0.235912557845,0.252013727469
2025,CN,10008.008,0.536005876779,0.572588590392
2025,RU,1192.92,0.063890049901,
2025,GB,306.446,0.016412542527,0.017532708124
2026,EU,2774.508,0.143891440872,0.153252088879
2026,US,4532.142,0.235045796450,0.250336358228
2026,CN,10486.272,0.543838686880,0.579217320171
2026,RU,1177.743,0.061080067979,
2026,GB,311.288,0.016144007819,0.017194232723
