month,n_countries,share_of_eu_inland_demand,countries
2015-01,22,0.9689,AT|BE|CZ|DE|DK|EE|EL|ES|FI|FR|HU|IT|LT|LU|LV|NL|PL|PT|RO|SE|SI|SK
2015-02,22,0.9689,AT|BE|CZ|DE|DK|EE|EL|ES|FI|FR|HU|IT|LT|LU|LV|NL|PL|PT|RO|SE|SI|SK
2015-03,22,0.9689,AT|BE|CZ|DE|DK|EE|EL|ES|FI|FR|HU|IT|LT|LU|LV|NL|PL|PT|RO|SE|SI|SK
2015-04,22,0.9689,AT|BE|CZ|DE|DK|EE|EL|ES|FI|FR|HU|IT|LT|LU|LV|NL|PL|PT|RO|SE|SI|SK
2015-05,22,0.9689,AT|BE|CZ|DE|DK|EE|EL|ES|FI|FR|HU|IT|LT|LU|LV|NL|PL|PT|RO|SE|SI|SK
2015-06,22,0.9689,AT|BE|CZ|DE|DK|EE|EL|ES|FI|FR|HU|IT|LT|LU|LV|NL|PL|PT|RO|SE|SI|SK
2015-07,22,0.9689,AT|BE|CZ|DE|DK|EE|EL|ES|FI|FR|HU|IT|LT|LU|LV|NL|PL|PT|RO|SE|SI|SK
2015-08,22,0.9689,AT|BE|CZ|DE|DK|EE|EL|ES|FI|FR|HU|IT|LT|LU|LV|NL|PL|PT|RO|SE|SI|SK
2015-09,22,0.9689,AT|BE|CZ|DE|DK|EE|EL|ES|FI|FR|HU|IT|LT|LU|LV|NL|PL|PT|RO|SE|SI|SK
2015-10,22,0.9689,AT|BE|CZ|DE|DK|EE|EL|ES|FI|FR|HU|IT|LT|LU|LV|NL|PL|PT|RO|SE|SI|SK
2015-11,22,0.9689,AT|BE|CZ|DE|DK|EE|EL|ES|FI|FR|HU|IT|LT|LU|LV|NL|PL|PT|RO|SE|SI|SK
2015-12,22,0.9689,AT|BE|CZ|DE|DK|EE|EL|ES|FI|FR|HU|IT|LT|LU|LV|NL|PL|PT|RO|SE|SI|SK
2016-01,22,0.9686,AT|BE|CZ|DE|DK|EE|EL|ES|FI|FR|HU|IT|LT|LU|LV|NL|PL|PT|RO|SE|SI|SK
2016-02,22,0.9686,AT|BE|CZ|DE|DK|EE|EL|ES|FI|FR|HU|IT|LT|LU|LV|NL|PL|PT|RO|SE|SI|SK
2016-03,22,0.9686,AT|BE|CZ|DE|DK|EE|EL|ES|FI|FR|HU|IT|LT|LU|LV|NL|PL|PT|RO|SE|SI|SK
2016-04,22,0.9686,AT|BE|CZ|DE|DK|EE|EL|ES|FI|FR|HU|IT|LT|LU|LV|NL|PL|PT|RO|SE|SI|SK
2016-05,22,0.9686,AT|BE|CZ|DE|DK|EE|EL|ES|FI|FR|HU|IT|LT|LU|LV|NL|PL|PT|RO|SE|SI|SK
2016-06,22,0.9686,AT|BE|CZ|DE|DK|EE|EL|ES|FI|FR|HU|IT|LT|LU|LV|NL|PL|PT|RO|SE|SI|SK
2016-07,22,0.9686,AT|BE|CZ|DE|DK|EE|EL|ES|FI|FR|HU|IT|LT|LU|LV|NL|PL|PT|RO|SE|SI|SK
2016-08,22,0.9686,AT|BE|CZ|DE|DK|EE|EL|ES|FI|FR|HU|IT|LT|LU|LV|NL|PL|PT|RO|SE|SI|SK
2016-09,22,0.9686,AT|BE|CZ|DE|DK|EE|EL|ES|FI|FR|HU|IT|LT|LU|LV|NL|PL|PT|RO|SE|SI|SK
2016-10,23,0.9809,AT|BE|BG|CZ|DE|DK|EE|EL|ES|FI|FR|HU|IT|LT|LU|LV|NL|PL|PT|RO|SE|SI|SK
2016-11,23,0.9809,AT|BE|BG|CZ|DE|DK|EE|EL|ES|FI|FR|HU|IT|LT|LU|LV|NL|PL|PT|RO|SE|SI|SK
2016-12,23,0.9809,AT|BE|BG|CZ|DE|DK|EE|EL|ES|FI|FR|HU|IT|LT|LU|LV|NL|PL|PT|RO|SE|SI|SK
2017-01,23,0.9807,AT|BE|BG|CZ|DE|DK|EE|EL|ES|FI|FR|HU|IT|LT|LU|LV|NL|PL|PT|RO|SE|SI|SK
2017-02,23,0.9807,AT|BE|BG|CZ|DE|DK|EE|EL|ES|FI|FR|HU|IT|LT|LU|LV|NL|PL|PT|RO|SE|SI|SK
2017-03,23,0.9807,AT|BE|BG|CZ|DE|DK|EE|EL|ES|FI|FR|HU|IT|LT|LU|LV|NL|PL|PT|RO|SE|SI|SK
2017-04,23,0.9807,AT|BE|BG|CZ|DE|DK|EE|EL|ES|FI|FR|HU|IT|LT|LU|LV|NL|PL|PT|RO|SE|SI|SK
2017-05,23,0.9807,AT|BE|BG|CZ|DE|DK|EE|EL|ES|FI|FR|HU|IT|LT|LU|LV|NL|PL|PT|RO|SE|SI|SK
2017-06,23,0.9807,AT|BE|BG|CZ|DE|DK|EE|EL|ES|FI|FR|HU|IT|LT|LU|LV|NL|PL|PT|RO|SE|SI|SK
2017-07,23,0.9807,AT|BE|BG|CZ|DE|DK|EE|EL|ES|FI|FR|HU|IT|LT|LU|LV|NL|PL|PT|RO|SE|SI|SK
2017-08,23,0.9807,AT|BE|BG|CZ|DE|DK|EE|EL|ES|FI|FR|HU|IT|LT|LU|LV|NL|PL|PT|RO|SE|SI|SK
2017-09,23,0.9807,AT|BE|BG|CZ|DE|DK|EE|EL|ES|FI|FR|HU|IT|LT|LU|LV|NL|PL|PT|RO|SE|SI|SK
2017-10,24,0.9871,AT|BE|BG|CZ|DE|DK|EE|EL|ES|FI|FR|HR|HU|IT|LT|LU|LV|NL|PL|PT|RO|SE|SI|SK
2017-11,24,0.9871,AT|BE|BG|CZ|DE|DK|EE|EL|ES|FI|FR|HR|HU|IT|LT|LU|LV|NL|PL|PT|RO|SE|SI|SK
2017-12,24,0.9871,AT|BE|BG|CZ|DE|DK|EE|EL|ES|FI|FR|HR|HU|IT|LT|LU|LV|NL|PL|PT|RO|SE|SI|SK
2018-01,24,0.9869,AT|BE|BG|CZ|DE|DK|EE|EL|ES|FI|FR|HR|HU|IT|LT|LU|LV|NL|PL|PT|RO|SE|SI|SK
2018-02,24,0.9869,AT|BE|BG|CZ|DE|DK|EE|EL|ES|FI|FR|HR|HU|IT|LT|LU|LV|NL|PL|PT|RO|SE|SI|SK
2018-03,24,0.9869,AT|BE|BG|CZ|DE|DK|EE|EL|ES|FI|FR|HR|HU|IT|LT|LU|LV|NL|PL|PT|RO|SE|SI|SK
2018-04,24,0.9869,AT|BE|BG|CZ|DE|DK|EE|EL|ES|FI|FR|HR|HU|IT|LT|LU|LV|NL|PL|PT|RO|SE|SI|SK
2018-05,24,0.9869,AT|BE|BG|CZ|DE|DK|EE|EL|ES|FI|FR|HR|HU|IT|LT|LU|LV|NL|PL|PT|RO|SE|SI|SK
2018-06,24,0.9869,AT|BE|BG|CZ|DE|DK|EE|EL|ES|FI|FR|HR|HU|IT|LT|LU|LV|NL|PL|PT|RO|SE|SI|SK
2018-07,24,0.9869,AT|BE|BG|CZ|DE|DK|EE|EL|ES|FI|FR|HR|HU|IT|LT|LU|LV|NL|PL|PT|RO|SE|SI|SK
2018-08,24,0.9869,AT|BE|BG|CZ|DE|DK|EE|EL|ES|FI|FR|HR|HU|IT|LT|LU|LV|NL|PL|PT|RO|SE|SI|SK
2018-09,24,0.9869,AT|BE|BG|CZ|DE|DK|EE|EL|ES|FI|FR|HR|HU|IT|LT|LU|LV|NL|PL|PT|RO|SE|SI|SK
2018-10,25,0.9974,AT|BE|BG|CZ|DE|DK|EE|EL|ES|FI|FR|HR|HU|IE|IT|LT|LU|LV|NL|PL|PT|RO|SE|SI|SK
2018-11,25,0.9974,AT|BE|BG|CZ|DE|DK|EE|EL|ES|FI|FR|HR|HU|IE|IT|LT|LU|LV|NL|PL|PT|RO|SE|SI|SK
2018-12,25,0.9974,AT|BE|BG|CZ|DE|DK|EE|EL|ES|FI|FR|HR|HU|IE|IT|LT|LU|LV|NL|PL|PT|RO|SE|SI|SK
2019-01,25,0.9973,AT|BE|BG|CZ|DE|DK|EE|EL|ES|FI|FR|HR|HU|IE|IT|LT|LU|LV|NL|PL|PT|RO|SE|SI|SK
2019-02,25,0.9973,AT|BE|BG|CZ|DE|DK|EE|EL|ES|FI|FR|HR|HU|IE|IT|LT|LU|LV|NL|PL|PT|RO|SE|SI|SK
2019-03,25,0.9973,AT|BE|BG|CZ|DE|DK|EE|EL|ES|FI|FR|HR|HU|IE|IT|LT|LU|LV|NL|PL|PT|RO|SE|SI|SK
2019-04,25,0.9973,AT|BE|BG|CZ|DE|DK|EE|EL|ES|FI|FR|HR|HU|IE|IT|LT|LU|LV|NL|PL|PT|RO|SE|SI|SK
2019-05,25,0.9973,AT|BE|BG|CZ|DE|DK|EE|EL|ES|FI|FR|HR|HU|IE|IT|LT|LU|LV|NL|PL|PT|RO|SE|SI|SK
2019-06,25,0.9973,AT|BE|BG|CZ|DE|DK|EE|EL|ES|FI|FR|HR|HU|IE|IT|LT|LU|LV|NL|PL|PT|RO|SE|SI|SK
2019-07,25,0.9973,AT|BE|BG|CZ|DE|DK|EE|EL|ES|FI|FR|HR|HU|IE|IT|LT|LU|LV|NL|PL|PT|RO|SE|SI|SK
2019-08,25,0.9973,AT|BE|BG|CZ|DE|DK|EE|EL|ES|FI|FR|HR|HU|IE|IT|LT|LU|LV|NL|PL|PT|RO|SE|SI|SK
2019-09,25,0.9973,AT|BE|BG|CZ|DE|DK|EE|EL|ES|FI|FR|HR|HU|IE|IT|LT|LU|LV|NL|PL|PT|RO|SE|SI|SK
2019-10,25,0.9973,AT|BE|BG|CZ|DE|DK|EE|EL|ES|FI|FR|HR|HU|IE|IT|LT|LU|LV|NL|PL|PT|RO|SE|SI|SK
2019-11,25,0.9973,AT|BE|BG|CZ|DE|DK|EE|EL|ES|FI|FR|HR|HU|IE|IT|LT|LU|LV|NL|PL|PT|RO|SE|SI|SK
2019-12,25,0.9973,AT|BE|BG|CZ|DE|DK|EE|EL|ES|FI|FR|HR|HU|IE|IT|LT|LU|LV|NL|PL|PT|RO|SE|SI|SK
2020-01,25,0.9972,AT|BE|BG|CZ|DE|DK|EE|EL|ES|FI|FR|HR|HU|IE|IT|LT|LU|LV|NL|PL|PT|RO|SE|SI|SK
2020-02,25,0.9972,AT|BE|BG|CZ|DE|DK|EE|EL|ES|FI|FR|HR|HU|IE|IT|LT|LU|LV|NL|PL|PT|RO|SE|SI|SK
2020-03,25,0.9972,AT|BE|BG|CZ|DE|DK|EE|EL|ES|FI|FR|HR|HU|IE|IT|LT|LU|LV|NL|PL|PT|RO|SE|SI|SK
2020-04,25,0.9972,AT|BE|BG|CZ|DE|DK|EE|EL|ES|FI|FR|HR|HU|IE|IT|LT|LU|LV|NL|PL|PT|RO|SE|SI|SK
2020-05,25,0.9972,AT|BE|BG|CZ|DE|DK|EE|EL|ES|FI|FR|HR|HU|IE|IT|LT|LU|LV|NL|PL|PT|RO|SE|SI|SK
2020-06,25,0.9972,AT|BE|BG|CZ|DE|DK|EE|EL|ES|FI|FR|HR|HU|IE|IT|LT|LU|LV|NL|PL|PT|RO|SE|SI|SK
2020-07,25,0.9972,AT|BE|BG|CZ|DE|DK|EE|EL|ES|FI|FR|HR|HU|IE|IT|LT|LU|LV|NL|PL|PT|RO|SE|SI|SK
2020-08,25,0.9972,AT|BE|BG|CZ|DE|DK|EE|EL|ES|FI|FR|HR|HU|IE|IT|LT|LU|LV|NL|PL|PT|RO|SE|SI|SK
2020-09,25,0.9972,AT|BE|BG|CZ|DE|DK|EE|EL|ES|FI|FR|HR|HU|IE|IT|LT|LU|LV|NL|PL|PT|RO|SE|SI|SK
2020-10,25,0.9972,AT|BE|BG|CZ|DE|DK|EE|EL|ES|FI|FR|HR|HU|IE|IT|LT|LU|LV|NL|PL|PT|RO|SE|SI|SK
2020-11,25,0.9972,AT|BE|BG|CZ|DE|DK|EE|EL|ES|FI|FR|HR|HU|IE|IT|LT|LU|LV|NL|PL|PT|RO|SE|SI|SK
2020-12,25,0.9972,AT|BE|BG|CZ|DE|DK|EE|EL|ES|FI|FR|HR|HU|IE|IT|LT|LU|LV|NL|PL|PT|RO|SE|SI|SK
2021-01,25,0.9973,AT|BE|BG|CZ|DE|DK|EE|EL|ES|FI|FR|HR|HU|IE|IT|LT|LU|LV|NL|PL|PT|RO|SE|SI|SK
2021-02,25,0.9973,AT|BE|BG|CZ|DE|DK|EE|EL|ES|FI|FR|HR|HU|IE|IT|LT|LU|LV|NL|PL|PT|RO|SE|SI|SK
2021-03,25,0.9973,AT|BE|BG|CZ|DE|DK|EE|EL|ES|FI|FR|HR|HU|IE|IT|LT|LU|LV|NL|PL|PT|RO|SE|SI|SK
2021-04,25,0.9973,AT|BE|BG|CZ|DE|DK|EE|EL|ES|FI|FR|HR|HU|IE|IT|LT|LU|LV|NL|PL|PT|RO|SE|SI|SK
2021-05,25,0.9973,AT|BE|BG|CZ|DE|DK|EE|EL|ES|FI|FR|HR|HU|IE|IT|LT|LU|LV|NL|PL|PT|RO|SE|SI|SK
2021-06,25,0.9973,AT|BE|BG|CZ|DE|DK|EE|EL|ES|FI|FR|HR|HU|IE|IT|LT|LU|LV|NL|PL|PT|RO|SE|SI|SK
2021-07,25,0.9973,AT|BE|BG|CZ|DE|DK|EE|EL|ES|FI|FR|HR|HU|IE|IT|LT|LU|LV|NL|PL|PT|RO|SE|SI|SK
2021-08,25,0.9973,AT|BE|BG|CZ|DE|DK|EE|EL|ES|FI|FR|HR|HU|IE|IT|LT|LU|LV|NL|PL|PT|RO|SE|SI|SK
2021-09,25,0.9973,AT|BE|BG|CZ|DE|DK|EE|EL|ES|FI|FR|HR|HU|IE|IT|LT|LU|LV|NL|PL|PT|RO|SE|SI|SK
2021-10,25,0.9973,AT|BE|BG|CZ|DE|DK|EE|EL|ES|FI|FR|HR|HU|IE|IT|LT|LU|LV|NL|PL|PT|RO|SE|SI|SK
2021-11,25,0.9973,AT|BE|BG|CZ|DE|DK|EE|EL|ES|FI|FR|HR|HU|IE|IT|LT|LU|LV|NL|PL|PT|RO|SE|SI|SK
2021-12,25,0.9973,AT|BE|BG|CZ|DE|DK|EE|EL|ES|FI|FR|HR|HU|IE|IT|LT|LU|LV|NL|PL|PT|RO|SE|SI|SK
2022-01,25,0.9973,AT|BE|BG|CZ|DE|DK|EE|EL|ES|FI|FR|HR|HU|IE|IT|LT|LU|LV|NL|PL|PT|RO|SE|SI|SK
2022-02,25,0.9973,AT|BE|BG|CZ|DE|DK|EE|EL|ES|FI|FR|HR|HU|IE|IT|LT|LU|LV|NL|PL|PT|RO|SE|SI|SK
2022-03,25,0.9973,AT|BE|BG|CZ|DE|DK|EE|EL|ES|FI|FR|HR|HU|IE|IT|LT|LU|LV|NL|PL|PT|RO|SE|SI|SK
2022-04,25,0.9973,AT|BE|BG|CZ|DE|DK|EE|EL|ES|FI|FR|HR|HU|IE|IT|LT|LU|LV|NL|PL|PT|RO|SE|SI|SK
2022-05,25,0.9973,AT|BE|BG|CZ|DE|DK|EE|EL|ES|FI|FR|HR|HU|IE|IT|LT|LU|LV|NL|PL|PT|RO|SE|SI|SK
2022-06,25,0.9973,AT|BE|BG|CZ|DE|DK|EE|EL|ES|FI|FR|HR|HU|IE|IT|LT|LU|LV|NL|PL|PT|RO|SE|SI|SK
2022-07,25,0.9973,AT|BE|BG|CZ|DE|DK|EE|EL|ES|FI|FR|HR|HU|IE|IT|LT|LU|LV|NL|PL|PT|RO|SE|SI|SK
2022-08,25,0.9973,AT|BE|BG|CZ|DE|DK|EE|EL|ES|FI|FR|HR|HU|IE|IT|LT|LU|LV|NL|PL|PT|RO|SE|SI|SK
2022-09,25,0.9973,AT|BE|BG|CZ|DE|DK|EE|EL|ES|FI|FR|HR|HU|IE|IT|LT|LU|LV|NL|PL|PT|RO|SE|SI|SK
2022-10,25,0.9973,AT|BE|BG|CZ|DE|DK|EE|EL|ES|FI|FR|HR|HU|IE|IT|LT|LU|LV|NL|PL|PT|RO|SE|SI|SK
2022-11,25,0.9973,AT|BE|BG|CZ|DE|DK|EE|EL|ES|FI|FR|HR|HU|IE|IT|LT|LU|LV|NL|PL|PT|RO|SE|SI|SK
2022-12,25,0.9973,AT|BE|BG|CZ|DE|DK|EE|EL|ES|FI|FR|HR|HU|IE|IT|LT|LU|LV|NL|PL|PT|RO|SE|SI|SK
2023-01,25,0.9970,AT|BE|BG|CZ|DE|DK|EE|EL|ES|FI|FR|HR|HU|IE|IT|LT|LU|LV|NL|PL|PT|RO|SE|SI|SK
2023-02,25,0.9970,AT|BE|BG|CZ|DE|DK|EE|EL|ES|FI|FR|HR|HU|IE|IT|LT|LU|LV|NL|PL|PT|RO|SE|SI|SK
2023-03,25,0.9970,AT|BE|BG|CZ|DE|DK|EE|EL|ES|FI|FR|HR|HU|IE|IT|LT|LU|LV|NL|PL|PT|RO|SE|SI|SK
2023-04,25,0.9970,AT|BE|BG|CZ|DE|DK|EE|EL|ES|FI|FR|HR|HU|IE|IT|LT|LU|LV|NL|PL|PT|RO|SE|SI|SK
2023-05,25,0.9970,AT|BE|BG|CZ|DE|DK|EE|EL|ES|FI|FR|HR|HU|IE|IT|LT|LU|LV|NL|PL|PT|RO|SE|SI|SK
2023-06,25,0.9970,AT|BE|BG|CZ|DE|DK|EE|EL|ES|FI|FR|HR|HU|IE|IT|LT|LU|LV|NL|PL|PT|RO|SE|SI|SK
2023-07,25,0.9970,AT|BE|BG|CZ|DE|DK|EE|EL|ES|FI|FR|HR|HU|IE|IT|LT|LU|LV|NL|PL|PT|RO|SE|SI|SK
2023-08,25,0.9970,AT|BE|BG|CZ|DE|DK|EE|EL|ES|FI|FR|HR|HU|IE|IT|LT|LU|LV|NL|PL|PT|RO|SE|SI|SK
2023-09,25,0.9970,AT|BE|BG|CZ|DE|DK|EE|EL|ES|FI|FR|HR|HU|IE|IT|LT|LU|LV|NL|PL|PT|RO|SE|SI|SK
2023-10,25,0.9970,AT|BE|BG|CZ|DE|DK|EE|EL|ES|FI|FR|HR|HU|IE|IT|LT|LU|LV|NL|PL|PT|RO|SE|SI|SK
2023-11,25,0.9970,AT|BE|BG|CZ|DE|DK|EE|EL|ES|FI|FR|HR|HU|IE|IT|LT|LU|LV|NL|PL|PT|RO|SE|SI|SK
2023-12,25,0.9970,AT|BE|BG|CZ|DE|DK|EE|EL|ES|FI|FR|HR|HU|IE|IT|LT|LU|LV|NL|PL|PT|RO|SE|SI|SK
2024-01,25,0.9969,AT|BE|BG|CZ|DE|DK|EE|EL|ES|FI|FR|HR|HU|IE|IT|LT|LU|LV|NL|PL|PT|RO|SE|SI|SK
2024-02,25,0.9969,AT|BE|BG|CZ|DE|DK|EE|EL|ES|FI|FR|HR|HU|IE|IT|LT|LU|LV|NL|PL|PT|RO|SE|SI|SK
2024-03,25,0.9969,AT|BE|BG|CZ|DE|DK|EE|EL|ES|FI|FR|HR|HU|IE|IT|LT|LU|LV|NL|PL|PT|RO|SE|SI|SK
2024-04,25,0.9969,AT|BE|BG|CZ|DE|DK|EE|EL|ES|FI|FR|HR|HU|IE|IT|LT|LU|LV|NL|PL|PT|RO|SE|SI|SK
2024-05,25,0.9969,AT|BE|BG|CZ|DE|DK|EE|EL|ES|FI|FR|HR|HU|IE|IT|LT|LU|LV|NL|PL|PT|RO|SE|SI|SK
2024-06,25,0.9969,AT|BE|BG|CZ|DE|DK|EE|EL|ES|FI|FR|HR|HU|IE|IT|LT|LU|LV|NL|PL|PT|RO|SE|SI|SK
2024-07,25,0.9969,AT|BE|BG|CZ|DE|DK|EE|EL|ES|FI|FR|HR|HU|IE|IT|LT|LU|LV|NL|PL|PT|RO|SE|SI|SK
2024-08,25,0.9969,AT|BE|BG|CZ|DE|DK|EE|EL|ES|FI|FR|HR|HU|IE|IT|LT|LU|LV|NL|PL|PT|RO|SE|SI|SK
2024-09,25,0.9969,AT|BE|BG|CZ|DE|DK|EE|EL|ES|FI|FR|HR|HU|IE|IT|LT|LU|LV|NL|PL|PT|RO|SE|SI|SK
2024-10,25,0.9969,AT|BE|BG|CZ|DE|DK|EE|EL|ES|FI|FR|HR|HU|IE|IT|LT|LU|LV|NL|PL|PT|RO|SE|SI|SK
2024-11,25,0.9969,AT|BE|BG|CZ|DE|DK|EE|EL|ES|FI|FR|HR|HU|IE|IT|LT|LU|LV|NL|PL|PT|RO|SE|SI|SK
2024-12,25,0.9969,AT|BE|BG|CZ|DE|DK|EE|EL|ES|FI|FR|HR|HU|IE|IT|LT|LU|LV|NL|PL|PT|RO|SE|SI|SK
2025-01,25,0.9967,AT|BE|BG|CZ|DE|DK|EE|EL|ES|FI|FR|HR|HU|IE|IT|LT|LU|LV|NL|PL|PT|RO|SE|SI|SK
2025-02,25,0.9967,AT|BE|BG|CZ|DE|DK|EE|EL|ES|FI|FR|HR|HU|IE|IT|LT|LU|LV|NL|PL|PT|RO|SE|SI|SK
2025-03,25,0.9967,AT|BE|BG|CZ|DE|DK|EE|EL|ES|FI|FR|HR|HU|IE|IT|LT|LU|LV|NL|PL|PT|RO|SE|SI|SK
2025-04,25,0.9967,AT|BE|BG|CZ|DE|DK|EE|EL|ES|FI|FR|HR|HU|IE|IT|LT|LU|LV|NL|PL|PT|RO|SE|SI|SK
2025-05,25,0.9967,AT|BE|BG|CZ|DE|DK|EE|EL|ES|FI|FR|HR|HU|IE|IT|LT|LU|LV|NL|PL|PT|RO|SE|SI|SK
2025-06,25,0.9967,AT|BE|BG|CZ|DE|DK|EE|EL|ES|FI|FR|HR|HU|IE|IT|LT|LU|LV|NL|PL|PT|RO|SE|SI|SK
2025-07,25,0.9967,AT|BE|BG|CZ|DE|DK|EE|EL|ES|FI|FR|HR|HU|IE|IT|LT|LU|LV|NL|PL|PT|RO|SE|SI|SK
2025-08,25,0.9967,AT|BE|BG|CZ|DE|DK|EE|EL|ES|FI|FR|HR|HU|IE|IT|LT|LU|LV|NL|PL|PT|RO|SE|SI|SK
2025-09,25,0.9967,AT|BE|BG|CZ|DE|DK|EE|EL|ES|FI|FR|HR|HU|IE|IT|LT|LU|LV|NL|PL|PT|RO|SE|SI|SK
2025-10,25,0.9967,AT|BE|BG|CZ|DE|DK|EE|EL|ES|FI|FR|HR|HU|IE|IT|LT|LU|LV|NL|PL|PT|RO|SE|SI|SK
2025-11,25,0.9967,AT|BE|BG|CZ|DE|DK|EE|EL|ES|FI|FR|HR|HU|IE|IT|LT|LU|LV|NL|PL|PT|RO|SE|SI|SK
2025-12,25,0.9967,AT|BE|BG|CZ|DE|DK|EE|EL|ES|FI|FR|HR|HU|IE|IT|LT|LU|LV|NL|PL|PT|RO|SE|SI|SK
2026-01,25,0.9967,AT|BE|BG|CZ|DE|DK|EE|EL|ES|FI|FR|HR|HU|IE|IT|LT|LU|LV|NL|PL|PT|RO|SE|SI|SK
2026-02,25,0.9967,AT|BE|BG|CZ|DE|DK|EE|EL|ES|FI|FR|HR|HU|IE|IT|LT|LU|LV|NL|PL|PT|RO|SE|SI|SK
2026-03,25,0.9967,AT|BE|BG|CZ|DE|DK|EE|EL|ES|FI|FR|HR|HU|IE|IT|LT|LU|LV|NL|PL|PT|RO|SE|SI|SK
2026-04,25,0.9967,AT|BE|BG|CZ|DE|DK|EE|EL|ES|FI|FR|HR|HU|IE|IT|LT|LU|LV|NL|PL|PT|RO|SE|SI|SK
2026-05,25,0.9967,AT|BE|BG|CZ|DE|DK|EE|EL|ES|FI|FR|HR|HU|IE|IT|LT|LU|LV|NL|PL|PT|RO|SE|SI|SK
2026-06,25,0.9967,AT|BE|BG|CZ|DE|DK|EE|EL|ES|FI|FR|HR|HU|IE|IT|LT|LU|LV|NL|PL|PT|RO|SE|SI|SK
2026-07,25,0.9967,AT|BE|BG|CZ|DE|DK|EE|EL|ES|FI|FR|HR|HU|IE|IT|LT|LU|LV|NL|PL|PT|RO|SE|SI|SK
2026-08,25,0.9967,AT|BE|BG|CZ|DE|DK|EE|EL|ES|FI|FR|HR|HU|IE|IT|LT|LU|LV|NL|PL|PT|RO|SE|SI|SK
