month,status,level_usd_per_kwh,index_2015_100,equal_level_usd_per_kwh,equal_index_2015_100,composition,contrib_EU,weight_EU
2015-01,final,0.045848,106.078,0.045848,106.078,EU,0.045848,1.000000000000
2015-02,final,0.048574,112.385,0.048574,112.385,EU,0.048574,1.000000000000
2015-03,final,0.041813,96.742,0.041813,96.742,EU,0.041813,1.000000000000
2015-04,final,0.040164,92.927,0.040164,92.927,EU,0.040164,1.000000000000
2015-05,final,0.036647,84.790,0.036647,84.790,EU,0.036647,1.000000000000
2015-06,final,0.040755,94.294,0.040755,94.294,EU,0.040755,1.000000000000
2015-07,final,0.046657,107.950,0.046657,107.950,EU,0.046657,1.000000000000
2015-08,final,0.042848,99.137,0.042848,99.137,EU,0.042848,1.000000000000
2015-09,final,0.044054,101.927,0.044054,101.927,EU,0.044054,1.000000000000
2015-10,final,0.047810,110.618,0.047810,110.618,EU,0.047810,1.000000000000
2015-11,final,0.043326,100.243,0.043326,100.243,EU,0.043326,1.000000000000
2015-12,final,0.040156,92.909,0.040156,92.909,EU,0.040156,1.000000000000
2016-01,final,0.038212,88.411,0.038212,88.411,EU,0.038212,1.000000000000
2016-02,final,0.029605,68.497,0.029605,68.497,EU,0.029605,1.000000000000
2016-03,final,0.030682,70.989,0.030682,70.989,EU,0.030682,1.000000000000
2016-04,final,0.030243,69.973,0.030243,69.973,EU,0.030243,1.000000000000
2016-05,final,0.030148,69.753,0.030148,69.753,EU,0.030148,1.000000000000
2016-06,final,0.036772,85.079,0.036772,85.079,EU,0.036772,1.000000000000
2016-07,final,0.036527,84.512,0.036527,84.512,EU,0.036527,1.000000000000
2016-08,final,0.035662,82.511,0.035662,82.511,EU,0.035662,1.000000000000
2016-09,final,0.040380,93.427,0.040380,93.427,EU,0.040380,1.000000000000
2016-10,final,0.050114,115.948,0.050114,115.948,EU,0.050114,1.000000000000
2016-11,final,0.052862,122.306,0.052862,122.306,EU,0.052862,1.000000000000
2016-12,final,0.049964,115.601,0.049964,115.601,EU,0.049964,1.000000000000
2017-01,final,0.064682,149.654,0.064682,149.654,EU,0.064682,1.000000000000
2017-02,final,0.048677,112.623,0.048677,112.623,EU,0.048677,1.000000000000
2017-03,final,0.038447,88.954,0.038447,88.954,EU,0.038447,1.000000000000
2017-04,final,0.037607,87.011,0.037607,87.011,EU,0.037607,1.000000000000
2017-05,final,0.040100,92.779,0.040100,92.779,EU,0.040100,1.000000000000
2017-06,final,0.041394,95.773,0.041394,95.773,EU,0.041394,1.000000000000
2017-07,final,0.044811,103.679,0.044811,103.679,EU,0.044811,1.000000000000
2017-08,final,0.045777,105.914,0.045777,105.914,EU,0.045777,1.000000000000
2017-09,final,0.047548,110.011,0.047548,110.011,EU,0.047548,1.000000000000
2017-10,final,0.050171,116.080,0.050171,116.080,EU,0.050171,1.000000000000
2017-11,final,0.060697,140.434,0.060697,140.434,EU,0.060697,1.000000000000
2017-12,final,0.055191,127.695,0.055191,127.695,EU,0.055191,1.000000000000
2018-01,final,0.046235,106.973,0.046235,106.973,EU,0.046235,1.000000000000
2018-02,final,0.057360,132.713,0.057360,132.713,EU,0.057360,1.000000000000
2018-03,final,0.054844,126.892,0.054844,126.892,EU,0.054844,1.000000000000
2018-04,final,0.047425,109.727,0.047425,109.727,EU,0.047425,1.000000000000
2018-05,final,0.050260,116.286,0.050260,116.286,EU,0.050260,1.000000000000
2018-06,final,0.056209,130.050,0.056209,130.050,EU,0.056209,1.000000000000
2018-07,final,0.061435,142.142,0.061435,142.142,EU,0.061435,1.000000000000
2018-08,final,0.066328,153.462,0.066328,153.462,EU,0.066328,1.000000000000
2018-09,final,0.070312,162.680,0.070312,162.680,EU,0.070312,1.000000000000
2018-10,final,0.070021,162.007,0.070021,162.007,EU,0.070021,1.000000000000
2018-11,final,0.069660,161.172,0.069660,161.172,EU,0.069660,1.000000000000
2018-12,final,0.063862,147.757,0.063862,147.757,EU,0.063862,1.000000000000
2019-01,final,0.067928,157.164,0.067928,157.164,EU,0.067928,1.000000000000
2019-02,final,0.055290,127.924,0.055290,127.924,EU,0.055290,1.000000000000
2019-03,final,0.045004,104.125,0.045004,104.125,EU,0.045004,1.000000000000
2019-04,final,0.048885,113.105,0.048885,113.105,EU,0.048885,1.000000000000
2019-05,final,0.047588,110.104,0.047588,110.104,EU,0.047588,1.000000000000
2019-06,final,0.043120,99.766,0.043120,99.766,EU,0.043120,1.000000000000
2019-07,final,0.050140,116.008,0.050140,116.008,EU,0.050140,1.000000000000
2019-08,final,0.047343,109.537,0.047343,109.537,EU,0.047343,1.000000000000
2019-09,final,0.046176,106.837,0.046176,106.837,EU,0.046176,1.000000000000
2019-10,final,0.048375,111.925,0.048375,111.925,EU,0.048375,1.000000000000
2019-11,final,0.049092,113.584,0.049092,113.584,EU,0.049092,1.000000000000
2019-12,final,0.041708,96.499,0.041708,96.499,EU,0.041708,1.000000000000
2020-01,final,0.043772,101.275,0.043772,101.275,EU,0.043772,1.000000000000
2020-02,final,0.032853,76.012,0.032853,76.012,EU,0.032853,1.000000000000
2020-03,final,0.028787,66.604,0.028787,66.604,EU,0.028787,1.000000000000
2020-04,final,0.020783,48.085,0.020783,48.085,EU,0.020783,1.000000000000
2020-05,final,0.021702,50.212,0.021702,50.212,EU,0.021702,1.000000000000
2020-06,final,0.032039,74.128,0.032039,74.128,EU,0.032039,1.000000000000
2020-07,final,0.037523,86.817,0.037523,86.817,EU,0.037523,1.000000000000
2020-08,final,0.044315,102.531,0.044315,102.531,EU,0.044315,1.000000000000
2020-09,final,0.052720,121.978,0.052720,121.978,EU,0.052720,1.000000000000
2020-10,final,0.044411,102.753,0.044411,102.753,EU,0.044411,1.000000000000
2020-11,final,0.048831,112.980,0.048831,112.980,EU,0.048831,1.000000000000
2020-12,final,0.057760,133.639,0.057760,133.639,EU,0.057760,1.000000000000
2021-01,final,0.068773,159.119,0.068773,159.119,EU,0.068773,1.000000000000
2021-02,final,0.059052,136.628,0.059052,136.628,EU,0.059052,1.000000000000
2021-03,final,0.059688,138.100,0.059688,138.100,EU,0.059688,1.000000000000
2021-04,final,0.070575,163.289,0.070575,163.289,EU,0.070575,1.000000000000
2021-05,final,0.071332,165.040,0.071332,165.040,EU,0.071332,1.000000000000
2021-06,final,0.090520,209.435,0.090520,209.435,EU,0.090520,1.000000000000
2021-07,final,0.101092,233.896,0.101092,233.896,EU,0.101092,1.000000000000
2021-08,final,0.105746,244.663,0.105746,244.663,EU,0.105746,1.000000000000
2021-09,final,0.157285,363.909,0.157285,363.909,EU,0.157285,1.000000000000
2021-10,final,0.186724,432.021,0.186724,432.021,EU,0.186724,1.000000000000
2021-11,final,0.210965,488.108,0.210965,488.108,EU,0.210965,1.000000000000
2021-12,final,0.268282,620.721,0.268282,620.721,EU,0.268282,1.000000000000
2022-01,final,0.208056,481.377,0.208056,481.377,EU,0.208056,1.000000000000
2022-02,final,0.183419,424.375,0.183419,424.375,EU,0.183419,1.000000000000
2022-03,final,0.279566,646.829,0.279566,646.829,EU,0.279566,1.000000000000
2022-04,final,0.201860,467.041,0.201860,467.041,EU,0.201860,1.000000000000
2022-05,final,0.193457,447.600,0.193457,447.600,EU,0.193457,1.000000000000
2022-06,final,0.227675,526.769,0.227675,526.769,EU,0.227675,1.000000000000
2022-07,final,0.312148,722.214,0.312148,722.214,EU,0.312148,1.000000000000
2022-08,final,0.414964,960.098,0.414964,960.098,EU,0.414964,1.000000000000
2022-09,final,0.320891,742.442,0.320891,742.442,EU,0.320891,1.000000000000
2022-10,final,0.158343,366.357,0.158343,366.357,EU,0.158343,1.000000000000
2022-11,final,0.183709,425.046,0.183709,425.046,EU,0.183709,1.000000000000
2022-12,final,0.252524,584.262,0.252524,584.262,EU,0.252524,1.000000000000
2023-01,final,0.134012,310.062,0.134012,310.062,EU,0.134012,1.000000000000
2023-02,final,0.145277,336.126,0.145277,336.126,EU,0.145277,1.000000000000
2023-03,final,0.114566,265.070,0.114566,265.070,EU,0.114566,1.000000000000
2023-04,final,0.111563,258.122,0.111563,258.122,EU,0.111563,1.000000000000
2023-05,final,0.088465,204.681,0.088465,204.681,EU,0.088465,1.000000000000
2023-06,final,0.100367,232.218,0.100367,232.218,EU,0.100367,1.000000000000
2023-07,final,0.093722,216.844,0.093722,216.844,EU,0.093722,1.000000000000
2023-08,final,0.101770,235.464,0.101770,235.464,EU,0.101770,1.000000000000
2023-09,final,0.101789,235.508,0.101789,235.508,EU,0.101789,1.000000000000
2023-10,final,0.095979,222.066,0.095979,222.066,EU,0.095979,1.000000000000
2023-11,final,0.098772,228.528,0.098772,228.528,EU,0.098772,1.000000000000
2023-12,final,0.085096,196.886,0.085096,196.886,EU,0.085096,1.000000000000
2024-01,final,0.090086,208.431,0.090086,208.431,EU,0.090086,1.000000000000
2024-02,final,0.067660,156.544,0.067660,156.544,EU,0.067660,1.000000000000
2024-03,final,0.065185,150.818,0.065185,150.818,EU,0.065185,1.000000000000
2024-04,final,0.056730,131.256,0.056730,131.256,EU,0.056730,1.000000000000
2024-05,final,0.062799,145.297,0.062799,145.297,EU,0.062799,1.000000000000
2024-06,final,0.074319,171.951,0.074319,171.951,EU,0.074319,1.000000000000
2024-07,final,0.080746,186.821,0.080746,186.821,EU,0.080746,1.000000000000
2024-08,final,0.091264,211.157,0.091264,211.157,EU,0.091264,1.000000000000
2024-09,final,0.086022,199.028,0.086022,199.028,EU,0.086022,1.000000000000
2024-10,final,0.087304,201.994,0.087304,201.994,EU,0.087304,1.000000000000
2024-11,final,0.118566,274.325,0.118566,274.325,EU,0.118566,1.000000000000
2024-12,final,0.113099,261.676,0.113099,261.676,EU,0.113099,1.000000000000
2025-01,final,0.115115,266.340,0.115115,266.340,EU,0.115115,1.000000000000
2025-02,final,0.129451,299.509,0.129451,299.509,EU,0.129451,1.000000000000
2025-03,final,0.095030,219.870,0.095030,219.870,EU,0.095030,1.000000000000
2025-04,final,0.076728,177.525,0.076728,177.525,EU,0.076728,1.000000000000
2025-05,final,0.066802,154.559,0.066802,154.559,EU,0.066802,1.000000000000
2025-06,final,0.078574,181.796,0.078574,181.796,EU,0.078574,1.000000000000
2025-07,final,0.095338,220.583,0.095338,220.583,EU,0.095338,1.000000000000
2025-08,final,0.088095,203.825,0.088095,203.825,EU,0.088095,1.000000000000
2025-09,final,0.094789,219.312,0.094789,219.312,EU,0.094789,1.000000000000
2025-10,final,0.097872,226.445,0.097872,226.445,EU,0.097872,1.000000000000
2025-11,final,0.104482,241.739,0.104482,241.739,EU,0.104482,1.000000000000
2025-12,final,0.104734,242.322,0.104734,242.322,EU,0.104734,1.000000000000
2026-01,final,0.131919,305.220,0.131919,305.220,EU,0.131919,1.000000000000
2026-02,final,0.100090,231.577,0.100090,231.577,EU,0.100090,1.000000000000
2026-03,final,0.101966,235.918,0.101966,235.918,EU,0.101966,1.000000000000
2026-04,final,0.085362,197.501,0.085362,197.501,EU,0.085362,1.000000000000
2026-05,final,0.098770,228.523,0.098770,228.523,EU,0.098770,1.000000000000
2026-06,final,0.112069,259.293,0.112069,259.293,EU,0.112069,1.000000000000
2026-07,final,0.122013,282.300,0.122013,282.300,EU,0.122013,1.000000000000
2026-08,final,0.149556,346.026,0.149556,346.026,EU,0.149556,1.000000000000
