series_id,region,layer,buyer_type,fuel,component,period_start,period_end,value,unit,currency,source_flag,confidence
ecb:EXR:D:CNY:EUR,CNY,driver,,,,2025-05-02,2025-05-02,8.2479,CNY/EUR,CNY,,primary
ecb:EXR:D:CNY:EUR,CNY,driver,,,,2025-05-05,2025-05-05,8.2479,CNY/EUR,CNY,,primary
ecb:EXR:D:CNY:EUR,CNY,driver,,,,2025-05-06,2025-05-06,8.1735,CNY/EUR,CNY,,primary
ecb:EXR:D:CNY:EUR,CNY,driver,,,,2025-05-07,2025-05-07,8.2079,CNY/EUR,CNY,,primary
ecb:EXR:D:CNY:EUR,CNY,driver,,,,2025-05-08,2025-05-08,8.1764,CNY/EUR,CNY,,primary
ecb:EXR:D:CNY:EUR,CNY,driver,,,,2025-05-09,2025-05-09,8.147,CNY/EUR,CNY,,primary
ecb:EXR:D:CNY:EUR,CNY,driver,,,,2025-05-12,2025-05-12,7.9999,CNY/EUR,CNY,,primary
ecb:EXR:D:CNY:EUR,CNY,driver,,,,2025-05-13,2025-05-13,8.0021,CNY/EUR,CNY,,primary
ecb:EXR:D:CNY:EUR,CNY,driver,,,,2025-05-14,2025-05-14,8.0794,CNY/EUR,CNY,,primary
ecb:EXR:D:CNY:EUR,CNY,driver,,,,2025-05-15,2025-05-15,8.0661,CNY/EUR,CNY,,primary
ecb:EXR:D:CNY:EUR,CNY,driver,,,,2025-05-16,2025-05-16,8.0659,CNY/EUR,CNY,,primary
ecb:EXR:D:CNY:EUR,CNY,driver,,,,2025-05-19,2025-05-19,8.1225,CNY/EUR,CNY,,primary
ecb:EXR:D:CNY:EUR,CNY,driver,,,,2025-05-20,2025-05-20,8.1154,CNY/EUR,CNY,,primary
ecb:EXR:D:CNY:EUR,CNY,driver,,,,2025-05-21,2025-05-21,8.155,CNY/EUR,CNY,,primary
ecb:EXR:D:CNY:EUR,CNY,driver,,,,2025-05-22,2025-05-22,8.1477,CNY/EUR,CNY,,primary
ecb:EXR:D:CNY:EUR,CNY,driver,,,,2025-05-23,2025-05-23,8.1197,CNY/EUR,CNY,,primary
ecb:EXR:D:CNY:EUR,CNY,driver,,,,2025-05-26,2025-05-26,8.1795,CNY/EUR,CNY,,primary
ecb:EXR:D:CNY:EUR,CNY,driver,,,,2025-05-27,2025-05-27,8.1709,CNY/EUR,CNY,,primary
ecb:EXR:D:CNY:EUR,CNY,driver,,,,2025-05-28,2025-05-28,8.1402,CNY/EUR,CNY,,primary
ecb:EXR:D:CNY:EUR,CNY,driver,,,,2025-05-29,2025-05-29,8.1093,CNY/EUR,CNY,,primary
ecb:EXR:D:CNY:EUR,CNY,driver,,,,2025-05-30,2025-05-30,8.1576,CNY/EUR,CNY,,primary
ecb:EXR:D:USD:EUR,USD,driver,,,,2025-05-02,2025-05-02,1.1343,USD/EUR,USD,,primary
ecb:EXR:D:USD:EUR,USD,driver,,,,2025-05-05,2025-05-05,1.1343,USD/EUR,USD,,primary
ecb:EXR:D:USD:EUR,USD,driver,,,,2025-05-06,2025-05-06,1.1325,USD/EUR,USD,,primary
ecb:EXR:D:USD:EUR,USD,driver,,,,2025-05-07,2025-05-07,1.136,USD/EUR,USD,,primary
ecb:EXR:D:USD:EUR,USD,driver,,,,2025-05-08,2025-05-08,1.1297,USD/EUR,USD,,primary
ecb:EXR:D:USD:EUR,USD,driver,,,,2025-05-09,2025-05-09,1.1252,USD/EUR,USD,,primary
ecb:EXR:D:USD:EUR,USD,driver,,,,2025-05-12,2025-05-12,1.1106,USD/EUR,USD,,primary
ecb:EXR:D:USD:EUR,USD,driver,,,,2025-05-13,2025-05-13,1.1112,USD/EUR,USD,,primary
ecb:EXR:D:USD:EUR,USD,driver,,,,2025-05-14,2025-05-14,1.1214,USD/EUR,USD,,primary
ecb:EXR:D:USD:EUR,USD,driver,,,,2025-05-15,2025-05-15,1.1185,USD/EUR,USD,,primary
ecb:EXR:D:USD:EUR,USD,driver,,,,2025-05-16,2025-05-16,1.1194,USD/EUR,USD,,primary
ecb:EXR:D:USD:EUR,USD,driver,,,,2025-05-19,2025-05-19,1.1262,USD/EUR,USD,,primary
ecb:EXR:D:USD:EUR,USD,driver,,,,2025-05-20,2025-05-20,1.1241,USD/EUR,USD,,primary
ecb:EXR:D:USD:EUR,USD,driver,,,,2025-05-21,2025-05-21,1.1321,USD/EUR,USD,,primary
ecb:EXR:D:USD:EUR,USD,driver,,,,2025-05-22,2025-05-22,1.1309,USD/EUR,USD,,primary
ecb:EXR:D:USD:EUR,USD,driver,,,,2025-05-23,2025-05-23,1.1301,USD/EUR,USD,,primary
ecb:EXR:D:USD:EUR,USD,driver,,,,2025-05-26,2025-05-26,1.1381,USD/EUR,USD,,primary
ecb:EXR:D:USD:EUR,USD,driver,,,,2025-05-27,2025-05-27,1.1356,USD/EUR,USD,,primary
ecb:EXR:D:USD:EUR,USD,driver,,,,2025-05-28,2025-05-28,1.1317,USD/EUR,USD,,primary
ecb:EXR:D:USD:EUR,USD,driver,,,,2025-05-29,2025-05-29,1.1281,USD/EUR,USD,,primary
ecb:EXR:D:USD:EUR,USD,driver,,,,2025-05-30,2025-05-30,1.1339,USD/EUR,USD,,primary
ecb:EXR:D:ZAR:EUR,ZAR,driver,,,,2025-05-02,2025-05-02,20.8458,ZAR/EUR,ZAR,,primary
ecb:EXR:D:ZAR:EUR,ZAR,driver,,,,2025-05-05,2025-05-05,20.7679,ZAR/EUR,ZAR,,primary
ecb:EXR:D:ZAR:EUR,ZAR,driver,,,,2025-05-06,2025-05-06,20.6847,ZAR/EUR,ZAR,,primary
ecb:EXR:D:ZAR:EUR,ZAR,driver,,,,2025-05-07,2025-05-07,20.7755,ZAR/EUR,ZAR,,primary
ecb:EXR:D:ZAR:EUR,ZAR,driver,,,,2025-05-08,2025-05-08,20.504,ZAR/EUR,ZAR,,primary
ecb:EXR:D:ZAR:EUR,ZAR,driver,,,,2025-05-09,2025-05-09,20.4835,ZAR/EUR,ZAR,,primary
ecb:EXR:D:ZAR:EUR,ZAR,driver,,,,2025-05-12,2025-05-12,20.3368,ZAR/EUR,ZAR,,primary
ecb:EXR:D:ZAR:EUR,ZAR,driver,,,,2025-05-13,2025-05-13,20.427,ZAR/EUR,ZAR,,primary
ecb:EXR:D:ZAR:EUR,ZAR,driver,,,,2025-05-14,2025-05-14,20.4644,ZAR/EUR,ZAR,,primary
ecb:EXR:D:ZAR:EUR,ZAR,driver,,,,2025-05-15,2025-05-15,20.2209,ZAR/EUR,ZAR,,primary
ecb:EXR:D:ZAR:EUR,ZAR,driver,,,,2025-05-16,2025-05-16,20.2668,ZAR/EUR,ZAR,,primary
ecb:EXR:D:ZAR:EUR,ZAR,driver,,,,2025-05-19,2025-05-19,20.3248,ZAR/EUR,ZAR,,primary
ecb:EXR:D:ZAR:EUR,ZAR,driver,,,,2025-05-20,2025-05-20,20.2073,ZAR/EUR,ZAR,,primary
ecb:EXR:D:ZAR:EUR,ZAR,driver,,,,2025-05-21,2025-05-21,20.2806,ZAR/EUR,ZAR,,primary
ecb:EXR:D:ZAR:EUR,ZAR,driver,,,,2025-05-22,2025-05-22,20.3859,ZAR/EUR,ZAR,,primary
ecb:EXR:D:ZAR:EUR,ZAR,driver,,,,2025-05-23,2025-05-23,20.3253,ZAR/EUR,ZAR,,primary
ecb:EXR:D:ZAR:EUR,ZAR,driver,,,,2025-05-26,2025-05-26,20.313,ZAR/EUR,ZAR,,primary
ecb:EXR:D:ZAR:EUR,ZAR,driver,,,,2025-05-27,2025-05-27,20.344,ZAR/EUR,ZAR,,primary
ecb:EXR:D:ZAR:EUR,ZAR,driver,,,,2025-05-28,2025-05-28,20.2713,ZAR/EUR,ZAR,,primary
ecb:EXR:D:ZAR:EUR,ZAR,driver,,,,2025-05-29,2025-05-29,20.1379,ZAR/EUR,ZAR,,primary
ecb:EXR:D:ZAR:EUR,ZAR,driver,,,,2025-05-30,2025-05-30,20.2939,ZAR/EUR,ZAR,,primary
