DATAFLOW,COUNTRY,INDICATOR,DATA_TRANSFORMATION,FREQUENCY,TIME_PERIOD,OBS_VALUE,SCALE,PRECISION,DECIMAL_DISPLAYED,CURRENCY,COMMODITY_CF,PCPS_RY,INDEX_TYPE,PRICES,EXRATE,TRANSFORMATION,DERIVATION_TYPE,OVERLAP,DOI,FULL_DESCRIPTION,AUTHOR,PUBLISHER,DEPARTMENT,CONTACT_POINT,TOPIC,TOPIC_DATASET,KEYWORDS,KEYWORDS_DATASET,LANGUAGE,PUBLICATION_DATE,UPDATE_DATE,METHODOLOGY,METHODOLOGY_NOTES,ACCESS_SHARING_LEVEL,ACCESS_SHARING_NOTES,SECURITY_CLASSIFICATION,SOURCE,SHORT_SOURCE_CITATION,FULL_SOURCE_CITATION,LICENSE,SUGGESTED_CITATION,KEY_INDICATOR,SERIES_NAME
IMF.RES:PCPS(9.0.0),G001,PCOALAU,USD,M,2023-M09,168.4790816,,,,,,,,,,,,,,,,,,,,,,,,,,,,,,,,,,,,,
IMF.RES:PCPS(9.0.0),G001,PCOALAU,USD,M,2023-M10,150.7383117,,,,,,,,,,,,,,,,,,,,,,,,,,,,,,,,,,,,,
IMF.RES:PCPS(9.0.0),G001,PCOALAU,USD,M,2023-M11,132.1193182,,,,,,,,,,,,,,,,,,,,,,,,,,,,,,,,,,,,,
IMF.RES:PCPS(9.0.0),G001,PCOALAU,USD,M,2023-M12,149.362218,,,,,,,,,,,,,,,,,,,,,,,,,,,,,,,,,,,,,
IMF.RES:PCPS(9.0.0),G001,PCOALAU,USD,M,2024-M01,140.8178571,,,,,,,,,,,,,,,,,,,,,,,,,,,,,,,,,,,,,
IMF.RES:PCPS(9.0.0),G001,PCOALAU,USD,M,2024-M02,128.7005102,,,,,,,,,,,,,,,,,,,,,,,,,,,,,,,,,,,,,
IMF.RES:PCPS(9.0.0),G001,PCOALAU,USD,M,2024-M03,137.7032143,,,,,,,,,,,,,,,,,,,,,,,,,,,,,,,,,,,,,
IMF.RES:PCPS(9.0.0),G001,PCOALAU,USD,M,2024-M04,137.4953571,,,,,,,,,,,,,,,,,,,,,,,,,,,,,,,,,,,,,
IMF.RES:PCPS(9.0.0),G001,PCOALAU,USD,M,2024-M05,148.0060714,,,,,,,,,,,,,,,,,,,,,,,,,,,,,,,,,,,,,
IMF.RES:PCPS(9.0.0),G001,PCOALAU,USD,M,2024-M06,143.5092857,,,,,,,,,,,,,,,,,,,,,,,,,,,,,,,,,,,,,
IMF.RES:PCPS(9.0.0),G001,PCOALAU,USD,M,2024-M07,141.9942857,,,,,,,,,,,,,,,,,,,,,,,,,,,,,,,,,,,,,
IMF.RES:PCPS(9.0.0),G001,PCOALAU,USD,M,2024-M08,151.635,,,,,,,,,,,,,,,,,,,,,,,,,,,,,,,,,,,,,
IMF.RES:PCPS(9.0.0),G001,PCOALAU,USD,M,2024-M09,148.7432143,,,,,,,,,,,,,,,,,,,,,,,,,,,,,,,,,,,,,
IMF.RES:PCPS(9.0.0),G001,PCOALAU,USD,M,2024-M10,153.2175,,,,,,,,,,,,,,,,,,,,,,,,,,,,,,,,,,,,,
IMF.RES:PCPS(9.0.0),G001,PCOALAU,USD,M,2024-M11,150.57,,,,,,,,,,,,,,,,,,,,,,,,,,,,,,,,,,,,,
IMF.RES:PCPS(9.0.0),G001,PCOALAU,USD,M,2024-M12,140.2242857,,,,,,,,,,,,,,,,,,,,,,,,,,,,,,,,,,,,,
IMF.RES:PCPS(9.0.0),G001,PCOALAU,USD,M,2025-M01,125.3228571,,,,,,,,,,,,,,,,,,,,,,,,,,,,,,,,,,,,,
IMF.RES:PCPS(9.0.0),G001,PCOALAU,USD,M,2025-M02,113.1739286,,,,,,,,,,,,,,,,,,,,,,,,,,,,,,,,,,,,,
IMF.RES:PCPS(9.0.0),G001,PCOALAU,USD,M,2025-M03,104.7685714,,,,,,,,,,,,,,,,,,,,,,,,,,,,,,,,,,,,,
IMF.RES:PCPS(9.0.0),G001,PCOALAU,USD,M,2025-M04,101.1428571,,,,,,,,,,,,,,,,,,,,,,,,,,,,,,,,,,,,,
IMF.RES:PCPS(9.0.0),G001,PCOALAU,USD,M,2025-M05,104.0378571,,,,,,,,,,,,,,,,,,,,,,,,,,,,,,,,,,,,,
IMF.RES:PCPS(9.0.0),G001,PCOALAU,USD,M,2025-M06,110.1385714,,,,,,,,,,,,,,,,,,,,,,,,,,,,,,,,,,,,,
IMF.RES:PCPS(9.0.0),G001,PCOALAU,USD,M,2025-M07,116.2992857,,,,,,,,,,,,,,,,,,,,,,,,,,,,,,,,,,,,,
IMF.RES:PCPS(9.0.0),G001,PCOALAU,USD,M,2025-M08,119.2135714,,,,,,,,,,,,,,,,,,,,,,,,,,,,,,,,,,,,,
IMF.RES:PCPS(9.0.0),G001,PCOALAU,USD,M,2025-M09,112.5342857,,,,,,,,,,,,,,,,,,,,,,,,,,,,,,,,,,,,,
IMF.RES:PCPS(9.0.0),G001,PCOALAU,USD,M,2025-M10,111.4982143,,,,,,,,,,,,,,,,,,,,,,,,,,,,,,,,,,,,,
IMF.RES:PCPS(9.0.0),G001,PCOALAU,USD,M,2025-M11,115.4367857,,,,,,,,,,,,,,,,,,,,,,,,,,,,,,,,,,,,,
IMF.RES:PCPS(9.0.0),G001,PCOALAU,USD,M,2025-M12,115.6842857,,,,,,,,,,,,,,,,,,,,,,,,,,,,,,,,,,,,,
IMF.RES:PCPS(9.0.0),G001,PCOALAU,USD,M,2026-M01,115.815,,,,,,,,,,,,,,,,,,,,,,,,,,,,,,,,,,,,,
IMF.RES:PCPS(9.0.0),G001,PCOALAU,USD,M,2026-M02,122.2092857,,,,,,,,,,,,,,,,,,,,,,,,,,,,,,,,,,,,,
IMF.RES:PCPS(9.0.0),G001,PCOALAU,USD,M,2026-M03,140.0560714,,,,,,,,,,,,,,,,,,,,,,,,,,,,,,,,,,,,,
IMF.RES:PCPS(9.0.0),G001,PCOALAU,USD,M,2026-M04,142.11,,,,,,,,,,,,,,,,,,,,,,,,,,,,,,,,,,,,,
IMF.RES:PCPS(9.0.0),G001,PCOALAU,USD,M,2026-M05,141.4532143,,,,,,,,,,,,,,,,,,,,,,,,,,,,,,,,,,,,,
IMF.RES:PCPS(9.0.0),G001,PCOALAU,USD,M,2026-M06,150.3621429,,,,,,,,,,,,,,,,,,,,,,,,,,,,,,,,,,,,,
IMF.RES:PCPS(9.0.0),G001,PCOALAU,USD,M,2026-M07,140.3967857,,,,,,,,,,,,,,,,,,,,,,,,,,,,,,,,,,,,,
IMF.RES:PCPS(9.0.0),G001,PCOALAU,USD,M,2026-M08,140.5082143,,,,,,,,,,,,,,,,,,,,,,,,,,,,,,,,,,,,,
IMF.RES:PCPS(9.0.0),G001,PCOALSA,USD,M,2023-M09,125.0190476,,,,,,,,,,,,,,,,,,,,,,,,,,,,,,,,,,,,,
IMF.RES:PCPS(9.0.0),G001,PCOALSA,USD,M,2023-M10,129.4663636,,,,,,,,,,,,,,,,,,,,,,,,,,,,,,,,,,,,,
IMF.RES:PCPS(9.0.0),G001,PCOALSA,USD,M,2023-M11,112.3772727,,,,,,,,,,,,,,,,,,,,,,,,,,,,,,,,,,,,,
IMF.RES:PCPS(9.0.0),G001,PCOALSA,USD,M,2023-M12,99.64842105,,,,,,,,,,,,,,,,,,,,,,,,,,,,,,,,,,,,,
IMF.RES:PCPS(9.0.0),G001,PCOALSA,USD,M,2024-M01,94.16954545,,,,,,,,,,,,,,,,,,,,,,,,,,,,,,,,,,,,,
IMF.RES:PCPS(9.0.0),G001,PCOALSA,USD,M,2024-M02,92.36571429,,,,,,,,,,,,,,,,,,,,,,,,,,,,,,,,,,,,,
IMF.RES:PCPS(9.0.0),G001,PCOALSA,USD,M,2024-M03,98.0135,,,,,,,,,,,,,,,,,,,,,,,,,,,,,,,,,,,,,
IMF.RES:PCPS(9.0.0),G001,PCOALSA,USD,M,2024-M04,106.466,,,,,,,,,,,,,,,,,,,,,,,,,,,,,,,,,,,,,
IMF.RES:PCPS(9.0.0),G001,PCOALSA,USD,M,2024-M05,107.933,,,,,,,,,,,,,,,,,,,,,,,,,,,,,,,,,,,,,
IMF.RES:PCPS(9.0.0),G001,PCOALSA,USD,M,2024-M06,107.62,,,,,,,,,,,,,,,,,,,,,,,,,,,,,,,,,,,,,
IMF.RES:PCPS(9.0.0),G001,PCOALSA,USD,M,2024-M07,108.611,,,,,,,,,,,,,,,,,,,,,,,,,,,,,,,,,,,,,
IMF.RES:PCPS(9.0.0),G001,PCOALSA,USD,M,2024-M08,114.513,,,,,,,,,,,,,,,,,,,,,,,,,,,,,,,,,,,,,
IMF.RES:PCPS(9.0.0),G001,PCOALSA,USD,M,2024-M09,106.95,,,,,,,,,,,,,,,,,,,,,,,,,,,,,,,,,,,,,
IMF.RES:PCPS(9.0.0),G001,PCOALSA,USD,M,2024-M10,110.31,,,,,,,,,,,,,,,,,,,,,,,,,,,,,,,,,,,,,
IMF.RES:PCPS(9.0.0),G001,PCOALSA,USD,M,2024-M11,111.313,,,,,,,,,,,,,,,,,,,,,,,,,,,,,,,,,,,,,
IMF.RES:PCPS(9.0.0),G001,PCOALSA,USD,M,2024-M12,106.155,,,,,,,,,,,,,,,,,,,,,,,,,,,,,,,,,,,,,
IMF.RES:PCPS(9.0.0),G001,PCOALSA,USD,M,2025-M01,98.407,,,,,,,,,,,,,,,,,,,,,,,,,,,,,,,,,,,,,
IMF.RES:PCPS(9.0.0),G001,PCOALSA,USD,M,2025-M02,94.381,,,,,,,,,,,,,,,,,,,,,,,,,,,,,,,,,,,,,
IMF.RES:PCPS(9.0.0),G001,PCOALSA,USD,M,2025-M03,87.324,,,,,,,,,,,,,,,,,,,,,,,,,,,,,,,,,,,,,
IMF.RES:PCPS(9.0.0),G001,PCOALSA,USD,M,2025-M04,88,,,,,,,,,,,,,,,,,,,,,,,,,,,,,,,,,,,,,
IMF.RES:PCPS(9.0.0),G001,PCOALSA,USD,M,2025-M05,88.882,,,,,,,,,,,,,,,,,,,,,,,,,,,,,,,,,,,,,
IMF.RES:PCPS(9.0.0),G001,PCOALSA,USD,M,2025-M06,91.571,,,,,,,,,,,,,,,,,,,,,,,,,,,,,,,,,,,,,
IMF.RES:PCPS(9.0.0),G001,PCOALSA,USD,M,2025-M07,93.323,,,,,,,,,,,,,,,,,,,,,,,,,,,,,,,,,,,,,
IMF.RES:PCPS(9.0.0),G001,PCOALSA,USD,M,2025-M08,89.022,,,,,,,,,,,,,,,,,,,,,,,,,,,,,,,,,,,,,
IMF.RES:PCPS(9.0.0),G001,PCOALSA,USD,M,2025-M09,83.482,,,,,,,,,,,,,,,,,,,,,,,,,,,,,,,,,,,,,
IMF.RES:PCPS(9.0.0),G001,PCOALSA,USD,M,2025-M10,81.658,,,,,,,,,,,,,,,,,,,,,,,,,,,,,,,,,,,,,
IMF.RES:PCPS(9.0.0),G001,PCOALSA,USD,M,2025-M11,85.336,,,,,,,,,,,,,,,,,,,,,,,,,,,,,,,,,,,,,
IMF.RES:PCPS(9.0.0),G001,PCOALSA,USD,M,2025-M12,88.227,,,,,,,,,,,,,,,,,,,,,,,,,,,,,,,,,,,,,
IMF.RES:PCPS(9.0.0),G001,PCOALSA,USD,M,2026-M01,90.27,,,,,,,,,,,,,,,,,,,,,,,,,,,,,,,,,,,,,
IMF.RES:PCPS(9.0.0),G001,PCOALSA,USD,M,2026-M02,98.691,,,,,,,,,,,,,,,,,,,,,,,,,,,,,,,,,,,,,
IMF.RES:PCPS(9.0.0),G001,PCOALSA,USD,M,2026-M03,110.079,,,,,,,,,,,,,,,,,,,,,,,,,,,,,,,,,,,,,
IMF.RES:PCPS(9.0.0),G001,PCOALSA,USD,M,2026-M04,105.961,,,,,,,,,,,,,,,,,,,,,,,,,,,,,,,,,,,,,
IMF.RES:PCPS(9.0.0),G001,PCOALSA,USD,M,2026-M05,117.947,,,,,,,,,,,,,,,,,,,,,,,,,,,,,,,,,,,,,
IMF.RES:PCPS(9.0.0),G001,PCOALSA,USD,M,2026-M06,112.701,,,,,,,,,,,,,,,,,,,,,,,,,,,,,,,,,,,,,
IMF.RES:PCPS(9.0.0),G001,PCOALSA,USD,M,2026-M07,105.291,,,,,,,,,,,,,,,,,,,,,,,,,,,,,,,,,,,,,
IMF.RES:PCPS(9.0.0),G001,PCOALSA,USD,M,2026-M08,109.444,,,,,,,,,,,,,,,,,,,,,,,,,,,,,,,,,,,,,
IMF.RES:PCPS(9.0.0),G001,PNGASEU,USD,M,2023-M09,11.42793016,,,,,,,,,,,,,,,,,,,,,,,,,,,,,,,,,,,,,
IMF.RES:PCPS(9.0.0),G001,PNGASEU,USD,M,2023-M10,13.38884281,,,,,,,,,,,,,,,,,,,,,,,,,,,,,,,,,,,,,
IMF.RES:PCPS(9.0.0),G001,PNGASEU,USD,M,2023-M11,13.71431567,,,,,,,,,,,,,,,,,,,,,,,,,,,,,,,,,,,,,
IMF.RES:PCPS(9.0.0),G001,PNGASEU,USD,M,2023-M12,11.29629149,,,,,,,,,,,,,,,,,,,,,,,,,,,,,,,,,,,,,
IMF.RES:PCPS(9.0.0),G001,PNGASEU,USD,M,2024-M01,9.531191123,,,,,,,,,,,,,,,,,,,,,,,,,,,,,,,,,,,,,
IMF.RES:PCPS(9.0.0),G001,PNGASEU,USD,M,2024-M02,8.098181356,,,,,,,,,,,,,,,,,,,,,,,,,,,,,,,,,,,,,
IMF.RES:PCPS(9.0.0),G001,PNGASEU,USD,M,2024-M03,8.511035509,,,,,,,,,,,,,,,,,,,,,,,,,,,,,,,,,,,,,
IMF.RES:PCPS(9.0.0),G001,PNGASEU,USD,M,2024-M04,9.129581313,,,,,,,,,,,,,,,,,,,,,,,,,,,,,,,,,,,,,
IMF.RES:PCPS(9.0.0),G001,PNGASEU,USD,M,2024-M05,10.10962113,,,,,,,,,,,,,,,,,,,,,,,,,,,,,,,,,,,,,
IMF.RES:PCPS(9.0.0),G001,PNGASEU,USD,M,2024-M06,10.80662625,,,,,,,,,,,,,,,,,,,,,,,,,,,,,,,,,,,,,
IMF.RES:PCPS(9.0.0),G001,PNGASEU,USD,M,2024-M07,10.23979241,,,,,,,,,,,,,,,,,,,,,,,,,,,,,,,,,,,,,
IMF.RES:PCPS(9.0.0),G001,PNGASEU,USD,M,2024-M08,12.1938459,,,,,,,,,,,,,,,,,,,,,,,,,,,,,,,,,,,,,
IMF.RES:PCPS(9.0.0),G001,PNGASEU,USD,M,2024-M09,11.750812,,,,,,,,,,,,,,,,,,,,,,,,,,,,,,,,,,,,,
IMF.RES:PCPS(9.0.0),G001,PNGASEU,USD,M,2024-M10,12.755,,,,,,,,,,,,,,,,,,,,,,,,,,,,,,,,,,,,,
IMF.RES:PCPS(9.0.0),G001,PNGASEU,USD,M,2024-M11,13.811,,,,,,,,,,,,,,,,,,,,,,,,,,,,,,,,,,,,,
IMF.RES:PCPS(9.0.0),G001,PNGASEU,USD,M,2024-M12,13.757,,,,,,,,,,,,,,,,,,,,,,,,,,,,,,,,,,,,,
IMF.RES:PCPS(9.0.0),G001,PNGASEU,USD,M,2025-M01,14.75909611,,,,,,,,,,,,,,,,,,,,,,,,,,,,,,,,,,,,,
IMF.RES:PCPS(9.0.0),G001,PNGASEU,USD,M,2025-M02,15.37638294,,,,,,,,,,,,,,,,,,,,,,,,,,,,,,,,,,,,,
IMF.RES:PCPS(9.0.0),G001,PNGASEU,USD,M,2025-M03,13.15601031,,,,,,,,,,,,,,,,,,,,,,,,,,,,,,,,,,,,,
IMF.RES:PCPS(9.0.0),G001,PNGASEU,USD,M,2025-M04,11.57195747,,,,,,,,,,,,,,,,,,,,,,,,,,,,,,,,,,,,,
IMF.RES:PCPS(9.0.0),G001,PNGASEU,USD,M,2025-M05,11.62379688,,,,,,,,,,,,,,,,,,,,,,,,,,,,,,,,,,,,,
IMF.RES:PCPS(9.0.0),G001,PNGASEU,USD,M,2025-M06,12.30058745,,,,,,,,,,,,,,,,,,,,,,,,,,,,,,,,,,,,,
IMF.RES:PCPS(9.0.0),G001,PNGASEU,USD,M,2025-M07,11.47064619,,,,,,,,,,,,,,,,,,,,,,,,,,,,,,,,,,,,,
IMF.RES:PCPS(9.0.0),G001,PNGASEU,USD,M,2025-M08,10.97523233,,,,,,,,,,,,,,,,,,,,,,,,,,,,,,,,,,,,,
IMF.RES:PCPS(9.0.0),G001,PNGASEU,USD,M,2025-M09,11.003,,,,,,,,,,,,,,,,,,,,,,,,,,,,,,,,,,,,,
IMF.RES:PCPS(9.0.0),G001,PNGASEU,USD,M,2025-M10,10.897,,,,,,,,,,,,,,,,,,,,,,,,,,,,,,,,,,,,,
IMF.RES:PCPS(9.0.0),G001,PNGASEU,USD,M,2025-M11,10.355,,,,,,,,,,,,,,,,,,,,,,,,,,,,,,,,,,,,,
IMF.RES:PCPS(9.0.0),G001,PNGASEU,USD,M,2025-M12,9.46,,,,,,,,,,,,,,,,,,,,,,,,,,,,,,,,,,,,,
IMF.RES:PCPS(9.0.0),G001,PNGASEU,USD,M,2026-M01,11.987,,,,,,,,,,,,,,,,,,,,,,,,,,,,,,,,,,,,,
IMF.RES:PCPS(9.0.0),G001,PNGASEU,USD,M,2026-M02,11.19,,,,,,,,,,,,,,,,,,,,,,,,,,,,,,,,,,,,,
IMF.RES:PCPS(9.0.0),G001,PNGASEU,USD,M,2026-M03,17.67,,,,,,,,,,,,,,,,,,,,,,,,,,,,,,,,,,,,,
IMF.RES:PCPS(9.0.0),G001,PNGASEU,USD,M,2026-M04,15.393,,,,,,,,,,,,,,,,,,,,,,,,,,,,,,,,,,,,,
IMF.RES:PCPS(9.0.0),G001,PNGASEU,USD,M,2026-M05,16.153,,,,,,,,,,,,,,,,,,,,,,,,,,,,,,,,,,,,,
IMF.RES:PCPS(9.0.0),G001,PNGASEU,USD,M,2026-M06,15.092,,,,,,,,,,,,,,,,,,,,,,,,,,,,,,,,,,,,,
IMF.RES:PCPS(9.0.0),G001,PNGASEU,USD,M,2026-M07,17.93,,,,,,,,,,,,,,,,,,,,,,,,,,,,,,,,,,,,,
IMF.RES:PCPS(9.0.0),G001,PNGASEU,USD,M,2026-M08,20.922,,,,,,,,,,,,,,,,,,,,,,,,,,,,,,,,,,,,,
