World Bank Commodity Price Data (The Pink Sheet),,,,,,
"monthly prices in nominal US dollars, 1960 to present",,,,,,
(monthly series are available only in nominal US dollars),,,,,,
"Updated on September 02, 2026",,,,,,
,"Coal, Australian","Coal, South African **","Natural gas, US","Natural gas, Europe","Liquefied natural gas, Japan",Natural gas index
,($/mt),($/mt),($/mmbtu),($/mmbtu),($/mmbtu),(2010=100)
2023M09,162.5,99.9,2.64,11.55,12.21,95.2
2023M10,142.1,128.4,2.99,14.57,12.62,114.1
2023M11,126.8,109,2.71,14.49,12.72,110.4
2023M12,141.8,108.8,2.53,11.51,14.44,95.2
2024M01,124.9,106.8,3.18,9.56,14.34,93.8
2024M02,124.2,105.2,1.72,8.15,13.64,68.9
2024M03,131.5,104.8,1.5,8.55,13.19,67.8
2024M04,135,104.9,1.6,9.09,11.88,70.6
2024M05,142,105.6,2.13,10.12,12.16,82.2
2024M06,135.1,105.3,2.51,10.87,12.13,90.4
2024M07,137.6,105.3,2.08,10.35,12.49,82.8
2024M08,145.8,106.2,1.99,12.37,13.32,92
2024M09,139.2,106.1,2.25,11.78,12.97,92.1
2024M10,146.6,106.8,2.21,12.92,12.54,96.7
2024M11,142.1,106.8,2.1,13.93,12.82,100.4
2024M12,129.8,105.5,3.02,13.86,12.64,111.1
2025M01,118.6,103.3,4.1,14.66,13.19,128.4
2025M02,106.9,100.4,4.22,15.34,12.78,132.9
2025M03,104,98,4.13,13.24,12.55,121.5
2025M04,98.6,95.6,3.4,11.59,12.68,105
2025M05,104.4,94.3,3.12,11.66,12.32,101.6
2025M06,109,93.8,3.02,12.37,12.17,103.7
2025M07,112.9,93.6,3.19,11.62,11.91,102.1
2025M08,112.2,93.3,2.91,11.15,11.79,96.3
2025M09,106.3,92.3,2.97,11.12,11.47,96.7
2025M10,107.5,91.6,3.2,10.89,11.1,98.1
2025M11,112.6,91.6,3.79,10.42,11.15,103.1
2025M12,107.7,90.9,4.25,9.48,11.32,104.4
2026M01,109.8,90.6,7.58,11.76,11.49,155.8
2026M02,118.4,91.2,3.61,11.24,11.32,105
2026M03,138.6,93.8,3.06,17.91,11.42,130
2026M04,130.9,94.8,2.77,15.41,15.65,117.4
2026M05,136.9,95.6,2.93,16.17,12.88,121.2
2026M06,138.5,96.3,3.15,15.17,11.79,118.3
2026M07,131.9,96.3,2.89,18.06,13.85,130.3
2026M08,135.2,96.8,2.77,21.11,13.94,143.4
