sheet,cell,value
Homelight NLA,H1,Back to menu
Homelight NLA,A2,Non-municipal
Homelight NLA,G2,Homelight - Non-local Authority
Homelight NLA,J4,Energy charge [c/kWh]
Homelight NLA,A5,Tariff
Homelight NLA,B5,Tariff nameBillcode
Homelight NLA,C5,Tx zone
Homelight NLA,D5,Voltage
Homelight NLA,E5,Billcode
Homelight NLA,K5,VAT incl
Homelight NLA,A6,Homelight 1 60A
Homelight NLA,B6,HL16
Homelight NLA,C6,0
Homelight NLA,D6,1
Homelight NLA,E6,HL1601N
Homelight NLA,H6,Homelight 20A
Homelight NLA,J6,235.04
Homelight NLA,K6,270.3
Homelight NLA,A7,Homelight 2 60A
Homelight NLA,B7,HL26
Homelight NLA,C7,0
Homelight NLA,D7,1
Homelight NLA,E7,HL2601N
Homelight NLA,H7,Homelight 60A
Homelight NLA,J7,298.79
Homelight NLA,K7,343.61
Homelight NLA,A12,Homelight 1 20A
Homelight NLA,B12,HL12
Homelight NLA,C12,0
Homelight NLA,D12,1
Homelight NLA,E12,HL1201N
Homelight NLA,A13,Homelight 2 20A
Homelight NLA,B13,HL22
Homelight NLA,C13,0
Homelight NLA,D13,1
Homelight NLA,E13,HL2201N
Homepower NLA,H1,Back to menu
Homepower NLA,A2,Non-municipal
Homepower NLA,G2,Homepower - Non-local Authority
Homepower NLA,J5,Energy charge [c/kWh]
Homepower NLA,L5,Ancillary service charge [c/kWh]
Homepower NLA,N5,Network demand charge [c/kWh]
Homepower NLA,P5,Network capacity charge [R/POD/day]
Homepower NLA,R5,Service and administration charge [R/POD/day]
Homepower NLA,T5,Generation capacity charge [R/POD/day]
Homepower NLA,A6,Tariff
Homepower NLA,B6,Tariff nameBillcode
Homepower NLA,C6,Tx zone
Homepower NLA,D6,VoltOe
Homepower NLA,E6,Billcode
Homepower NLA,K6,VAT incl
Homepower NLA,M6,VAT incl
Homepower NLA,O6,VAT incl
Homepower NLA,Q6,VAT incl
Homepower NLA,S6,VAT incl
Homepower NLA,U6,VAT incl
Homepower NLA,A7,Homepower 1
Homepower NLA,B7,H1
Homepower NLA,C7,0
Homepower NLA,D7,1
Homepower NLA,E7,H101N
Homepower NLA,H7,Homepower 1
Homepower NLA,J7,280.05
Homepower NLA,K7,322.06
Homepower NLA,L7,0.45
Homepower NLA,M7,0.52
Homepower NLA,N7,28.68
Homepower NLA,O7,32.98
Homepower NLA,P7,13.19
Homepower NLA,Q7,15.17
Homepower NLA,R7,5.74
Homepower NLA,S7,6.6
Homepower NLA,T7,1.09
Homepower NLA,U7,1.25
Homepower NLA,A8,Homepower 2
Homepower NLA,B8,H2
Homepower NLA,C8,0
Homepower NLA,D8,1
Homepower NLA,E8,H201N
Homepower NLA,H8,Homepower 2
Homepower NLA,J8,280.05
Homepower NLA,K8,322.06
Homepower NLA,L8,0.45
Homepower NLA,M8,0.52
Homepower NLA,N8,28.68
Homepower NLA,O8,32.98
Homepower NLA,P8,29.44
Homepower NLA,Q8,33.86
Homepower NLA,R8,5.74
Homepower NLA,S8,6.6
Homepower NLA,T8,1.93
Homepower NLA,U8,2.22
Homepower NLA,A9,Homepower 3
Homepower NLA,B9,H3
Homepower NLA,C9,0
Homepower NLA,D9,1
Homepower NLA,E9,H301N
Homepower NLA,H9,Homepower 3
Homepower NLA,J9,280.05
Homepower NLA,K9,322.06
Homepower NLA,L9,0.45
Homepower NLA,M9,0.52
Homepower NLA,N9,28.68
Homepower NLA,O9,32.98
Homepower NLA,P9,62.89
Homepower NLA,Q9,72.32
Homepower NLA,R9,5.74
Homepower NLA,S9,6.6
Homepower NLA,T9,4.7
Homepower NLA,U9,5.41
Homepower NLA,A10,Homepower 4
Homepower NLA,B10,H4
Homepower NLA,C10,0
Homepower NLA,D10,1
Homepower NLA,E10,H401N
Homepower NLA,H10,Homepower 4
Homepower NLA,J10,280.05
Homepower NLA,K10,322.06
Homepower NLA,L10,0.45
Homepower NLA,M10,0.52
Homepower NLA,N10,28.68
Homepower NLA,O10,32.98
Homepower NLA,P10,9.08
Homepower NLA,Q10,10.44
Homepower NLA,R10,5.74
Homepower NLA,S10,6.6
Homepower NLA,T10,0.71
Homepower NLA,U10,0.82
Homepower NLA,J13,Energy charge [c/kWh]
Homepower NLA,L13,Ancillary service charge [c/kWh]
Homepower NLA,N13,Network demand charge [c/kWh]
Homepower NLA,P13,Network capacity charge [R/kVA/m]
Homepower NLA,R13,Service and administration charge [R/POD/day]
Homepower NLA,T13,Generation capacity charge [R/kVA/m]
Homepower NLA,K14,VAT incl
Homepower NLA,M14,VAT incl
Homepower NLA,O14,VAT incl
Homepower NLA,Q14,VAT incl
Homepower NLA,S14,VAT incl
Homepower NLA,U14,VAT incl
Homepower NLA,E15,HB31N
Homepower NLA,H15,Homepower Bulk
Homepower NLA,J15,280.05
Homepower NLA,K15,322.06
Homepower NLA,L15,0.45
Homepower NLA,M15,0.52
Homepower NLA,N15,28.68
Homepower NLA,O15,32.98
Homepower NLA,P15,60.17
Homepower NLA,Q15,69.2
Homepower NLA,R15,5.74
Homepower NLA,S15,6.6
Homepower NLA,T15,7.25
Homepower NLA,U15,8.34
Homepower NLA,I16,* The Network capacity charge is based on the NMD or on the maximum demand if measured.
Homepower NLA,A18,Homepower Bulk < 500V
Homepower NLA,B18,HB
Homepower NLA,C18,0
Homepower NLA,D18,1
Homepower NLA,E18,HB01N
Businessrate NLA,H1,Back to menu
Businessrate NLA,A2,Non-municipal
Businessrate NLA,G2,Businessrate - Non-local Authority
Businessrate NLA,J4,Energy charge [c/kWh]
Businessrate NLA,L4,Ancillary service charge [c/kWh]
Businessrate NLA,N4,Network demand charge [c/kWh]
Businessrate NLA,P4,Network capacity charge [R/POD/day]
Businessrate NLA,R4,Service and administration charge [R/POD/day]
Businessrate NLA,T4,Electrification and rural network subsidy charge [c/kWh]
Businessrate NLA,V4,Generation capacity charge [R/POD/day]
Businessrate NLA,Z4,Electrification and rural network subsidy charge [c/kWh]
Businessrate NLA,AB4,Affordability subsidy charge [c/kWh] payable by non-local authority tariffs
Businessrate NLA,Z6,All seasons
Businessrate NLA,AB6,All seasons
Businessrate NLA,A7,Tariff
Businessrate NLA,B7,Tariff nameBillcode
Businessrate NLA,C7,Tx zone
Businessrate NLA,D7,Voltage
Businessrate NLA,E7,Billcode
Businessrate NLA,K7,VAT incl
Businessrate NLA,M7,VAT incl
Businessrate NLA,O7,VAT incl
Businessrate NLA,Q7,VAT incl
Businessrate NLA,S7,VAT incl
Businessrate NLA,U7,VAT incl
Businessrate NLA,W7,VAT incl
Businessrate NLA,AA7,VAT incl
Businessrate NLA,AC7,VAT incl
Businessrate NLA,A8,Businessrate 1
Businessrate NLA,B8,B1
Businessrate NLA,C8,0
Businessrate NLA,D8,1
Businessrate NLA,E8,B101N
Businessrate NLA,H8,Businessrate 1
Businessrate NLA,J8,242.9
Businessrate NLA,K8,279.34
Businessrate NLA,L8,0.45
Businessrate NLA,M8,0.52
Businessrate NLA,N8,15.81
Businessrate NLA,O8,18.18
Businessrate NLA,P8,22.12
Businessrate NLA,Q8,25.44
Businessrate NLA,R8,15.99
Businessrate NLA,S8,18.39
Businessrate NLA,T8,5.37
Businessrate NLA,U8,6.18
Businessrate NLA,V8,3
Businessrate NLA,W8,3.45
Businessrate NLA,Z8,0
Businessrate NLA,AA8,0
Businessrate NLA,AB8,0
Businessrate NLA,AC8,0
Businessrate NLA,A9,Businessrate 2
Businessrate NLA,B9,B2
Businessrate NLA,C9,0
Businessrate NLA,D9,1
Businessrate NLA,E9,B201N
Businessrate NLA,H9,Businessrate 2
Businessrate NLA,J9,242.9
Businessrate NLA,K9,279.34
Businessrate NLA,L9,0.45
Businessrate NLA,M9,0.52
Businessrate NLA,N9,15.81
Businessrate NLA,O9,18.18
Businessrate NLA,P9,32.86
Businessrate NLA,Q9,37.79
Businessrate NLA,R9,15.99
Businessrate NLA,S9,18.39
Businessrate NLA,T9,5.37
Businessrate NLA,U9,6.18
Businessrate NLA,V9,4.48
Businessrate NLA,W9,5.15
Businessrate NLA,Z9,0
Businessrate NLA,AA9,0
Businessrate NLA,AB9,0
Businessrate NLA,AC9,0
Businessrate NLA,A10,Businessrate 3
Businessrate NLA,B10,B3
Businessrate NLA,C10,0
Businessrate NLA,D10,1
Businessrate NLA,E10,B301N
Businessrate NLA,H10,Businessrate 3
Businessrate NLA,J10,242.9
Businessrate NLA,K10,279.34
Businessrate NLA,L10,0.45
Businessrate NLA,M10,0.52
Businessrate NLA,N10,15.81
Businessrate NLA,O10,18.18
Businessrate NLA,P10,81.98
Businessrate NLA,Q10,94.28
Businessrate NLA,R10,15.99
Businessrate NLA,S10,18.39
Businessrate NLA,T10,5.37
Businessrate NLA,U10,6.18
Businessrate NLA,V10,11.18
Businessrate NLA,W10,12.86
Businessrate NLA,Z10,0
Businessrate NLA,AA10,0
Businessrate NLA,AB10,0
Businessrate NLA,AC10,0
Businessrate NLA,A11,Businessrate 4
Businessrate NLA,B11,B4
Businessrate NLA,C11,0
Businessrate NLA,D11,1
Businessrate NLA,E11,B401N
Businessrate NLA,H11,Businessrate 4
Businessrate NLA,J11,378.06
Businessrate NLA,K11,434.77
Businessrate NLA,L11,0.45
Businessrate NLA,M11,0.52
Businessrate NLA,N11,15.81
Businessrate NLA,O11,18.18
Businessrate NLA,T11,5.37
Businessrate NLA,U11,6.18
Businessrate NLA,V11,0
Businessrate NLA,W11,0
Businessrate NLA,Z11,0
Businessrate NLA,AA11,0
Businessrate NLA,AB11,0
Businessrate NLA,AC11,0
Megaflex NLA,G1,Back to menu
Megaflex NLA,A2,Non-municipal
Megaflex NLA,G2,Megaflex – Non-local Authority
Megaflex NLA,AF2,#REF!
Megaflex NLA,AG2,check value
Megaflex NLA,J4,Active energy charge [c/kWh]
Megaflex NLA,V4,Legacy charge [c/kWh]
Megaflex NLA,X4,Generation capacity charge [R/kVA/m]
Megaflex NLA,Z4,Transmission network charges [R/kVA/m]
Megaflex NLA,H5,Transmission zone
Megaflex NLA,J5,High demand season [Jun - Aug]
Megaflex NLA,P5,Low demand season [Sep - May]
Megaflex NLA,I6,Voltage
Megaflex NLA,J6,Peak
Megaflex NLA,L6,Standard
Megaflex NLA,N6,Off Peak
Megaflex NLA,P6,Peak
Megaflex NLA,R6,Standard
Megaflex NLA,T6,Off Peak
Megaflex NLA,A7,Tariff
Megaflex NLA,B7,Tariff nameBillcode
Megaflex NLA,C7,Tx zone
Megaflex NLA,D7,Voltage
Megaflex NLA,E7,Billcode
Megaflex NLA,K7,VAT incl
Megaflex NLA,M7,VAT incl
Megaflex NLA,O7,VAT incl
Megaflex NLA,Q7,VAT incl
Megaflex NLA,S7,VAT incl
Megaflex NLA,U7,VAT incl
Megaflex NLA,W7,VAT incl
Megaflex NLA,Y7,VAT incl
Megaflex NLA,AA7,VAT incl
Megaflex NLA,A8,Megaflex
Megaflex NLA,B8,Me
Megaflex NLA,C8,0
Megaflex NLA,D8,1
Megaflex NLA,E8,Me01N
Megaflex NLA,H8,≤ 300km
Megaflex NLA,I8,< 500V
Megaflex NLA,J8,739.28
Megaflex NLA,K8,850.17
Megaflex NLA,L8,184.82
Megaflex NLA,M8,212.54
Megaflex NLA,N8,123.2
Megaflex NLA,O8,141.68
Megaflex NLA,P8,306.82
Megaflex NLA,Q8,352.84
Megaflex NLA,R8,172.5
Megaflex NLA,S8,198.38
Megaflex NLA,T8,123.2
Megaflex NLA,U8,141.68
Megaflex NLA,V8,24.78
Megaflex NLA,W8,28.5
Megaflex NLA,X8,5.29
Megaflex NLA,Y8,6.08
Megaflex NLA,Z8,11.56
Megaflex NLA,AA8,13.29
Megaflex NLA,A9,Megaflex
Megaflex NLA,B9,Me
Megaflex NLA,C9,0
Megaflex NLA,D9,2
Megaflex NLA,E9,Me02N
Megaflex NLA,I9,≥ 500V & < 66kV
Megaflex NLA,J9,720.19
Megaflex NLA,K9,828.22
Megaflex NLA,L9,180.05
Megaflex NLA,M9,207.06
Megaflex NLA,N9,120.03
Megaflex NLA,O9,138.03
Megaflex NLA,P9,298.89
Megaflex NLA,Q9,343.72
Megaflex NLA,R9,168.05
Megaflex NLA,S9,193.26
Megaflex NLA,T9,120.03
Megaflex NLA,U9,138.03
Megaflex NLA,V9,24.14
Megaflex NLA,W9,27.76
Megaflex NLA,X9,12.27
Megaflex NLA,Y9,14.11
Megaflex NLA,Z9,11.15
Megaflex NLA,AA9,12.82
Megaflex NLA,A10,Megaflex
Megaflex NLA,B10,Me
Megaflex NLA,C10,0
Megaflex NLA,D10,3
Megaflex NLA,E10,Me03N
Megaflex NLA,I10,≥ 66kV & ≤ 132kV
Megaflex NLA,J10,668.35
Megaflex NLA,K10,768.6
Megaflex NLA,L10,167.08
Megaflex NLA,M10,192.14
Megaflex NLA,N10,111.39
Megaflex NLA,O10,128.1
Megaflex NLA,P10,277.38
Megaflex NLA,Q10,318.99
Megaflex NLA,R10,155.96
Megaflex NLA,S10,179.35
Megaflex NLA,T10,111.39
Megaflex NLA,U10,128.1
Megaflex NLA,V10,22.4
Megaflex NLA,W10,25.76
Megaflex NLA,X10,9.28
Megaflex NLA,Y10,10.67
Megaflex NLA,Z10,10.17
Megaflex NLA,AA10,11.7
Megaflex NLA,A11,Megaflex
Megaflex NLA,B11,Me
Megaflex NLA,C11,0
Megaflex NLA,D11,4
Megaflex NLA,E11,Me04N
Megaflex NLA,I11,> 132kV*
Megaflex NLA,J11,623.23
Megaflex NLA,K11,716.71
Megaflex NLA,L11,155.81
Megaflex NLA,M11,179.18
Megaflex NLA,N11,103.87
Megaflex NLA,O11,119.45
Megaflex NLA,P11,258.65
Megaflex NLA,Q11,297.45
Megaflex NLA,R11,145.43
Megaflex NLA,S11,167.24
Megaflex NLA,T11,103.87
Megaflex NLA,U11,119.45
Megaflex NLA,V11,20.89
Megaflex NLA,W11,24.02
Megaflex NLA,X11,10.65
Megaflex NLA,Y11,12.25
Megaflex NLA,Z11,17.77
Megaflex NLA,AA11,20.44
Megaflex NLA,A12,Megaflex
Megaflex NLA,B12,Me
Megaflex NLA,C12,1
Megaflex NLA,D12,1
Megaflex NLA,E12,Me11N
Megaflex NLA,H12,> 300km and ≤ 600km
Megaflex NLA,I12,< 500V
Megaflex NLA,J12,746.66
Megaflex NLA,K12,858.66
Megaflex NLA,L12,186.67
Megaflex NLA,M12,214.67
Megaflex NLA,N12,124.43
Megaflex NLA,O12,143.09
Megaflex NLA,P12,309.88
Megaflex NLA,Q12,356.36
Megaflex NLA,R12,174.23
Megaflex NLA,S12,200.36
Megaflex NLA,T12,124.43
Megaflex NLA,U12,143.09
Megaflex NLA,V12,24.78
Megaflex NLA,W12,28.5
Megaflex NLA,X12,5.29
Megaflex NLA,Y12,6.08
Megaflex NLA,Z12,11.68
Megaflex NLA,AA12,13.43
Megaflex NLA,A13,Megaflex
Megaflex NLA,B13,Me
Megaflex NLA,C13,1
Megaflex NLA,D13,2
Megaflex NLA,E13,Me12N
Megaflex NLA,I13,≥ 500V & < 66kV
Megaflex NLA,J13,727.41
Megaflex NLA,K13,836.52
Megaflex NLA,L13,181.85
Megaflex NLA,M13,209.13
Megaflex NLA,N13,121.24
Megaflex NLA,O13,139.43
Megaflex NLA,P13,301.88
Megaflex NLA,Q13,347.16
Megaflex NLA,R13,169.72
Megaflex NLA,S13,195.18
Megaflex NLA,T13,121.24
Megaflex NLA,U13,139.43
Megaflex NLA,V13,24.14
Megaflex NLA,W13,27.76
Megaflex NLA,X13,12.27
Megaflex NLA,Y13,14.11
Megaflex NLA,Z13,11.26
Megaflex NLA,AA13,12.95
Megaflex NLA,A14,Megaflex
Megaflex NLA,B14,Me
Megaflex NLA,C14,1
Megaflex NLA,D14,3
Megaflex NLA,E14,Me13N
Megaflex NLA,I14,≥ 66kV & ≤ 132kV
Megaflex NLA,J14,675.03
Megaflex NLA,K14,776.28
Megaflex NLA,L14,168.76
Megaflex NLA,M14,194.07
Megaflex NLA,N14,112.5
Megaflex NLA,O14,129.38
Megaflex NLA,P14,280.15
Megaflex NLA,Q14,322.17
Megaflex NLA,R14,157.51
Megaflex NLA,S14,181.14
Megaflex NLA,T14,112.5
Megaflex NLA,U14,129.38
Megaflex NLA,V14,22.4
Megaflex NLA,W14,25.76
Megaflex NLA,X14,9.28
Megaflex NLA,Y14,10.67
Megaflex NLA,Z14,10.28
Megaflex NLA,AA14,11.82
Megaflex NLA,A15,Megaflex
Megaflex NLA,B15,Me
Megaflex NLA,C15,1
Megaflex NLA,D15,4
Megaflex NLA,E15,Me14N
Megaflex NLA,I15,> 132kV*
Megaflex NLA,J15,629.46
Megaflex NLA,K15,723.88
Megaflex NLA,L15,157.37
Megaflex NLA,M15,180.98
Megaflex NLA,N15,104.91
Megaflex NLA,O15,120.65
Megaflex NLA,P15,261.23
Megaflex NLA,Q15,300.41
Megaflex NLA,R15,146.87
Megaflex NLA,S15,168.9
Megaflex NLA,T15,104.91
Megaflex NLA,U15,120.65
Megaflex NLA,V15,20.89
Megaflex NLA,W15,24.02
Megaflex NLA,X15,10.65
Megaflex NLA,Y15,12.25
Megaflex NLA,Z15,17.96
Megaflex NLA,AA15,20.65
Megaflex NLA,A16,Megaflex
Megaflex NLA,B16,Me
Megaflex NLA,C16,2
Megaflex NLA,D16,1
Megaflex NLA,E16,Me21N
Megaflex NLA,H16,> 600km and ≤ 900km
Megaflex NLA,I16,< 500V
Megaflex NLA,J16,754.06
Megaflex NLA,K16,867.17
Megaflex NLA,L16,188.51
Megaflex NLA,M16,216.79
Megaflex NLA,N16,125.67
Megaflex NLA,O16,144.52
Megaflex NLA,P16,312.95
Megaflex NLA,Q16,359.89
Megaflex NLA,R16,175.94
Megaflex NLA,S16,202.33
Megaflex NLA,T16,125.67
Megaflex NLA,U16,144.52
Megaflex NLA,V16,24.78
Megaflex NLA,W16,28.5
Megaflex NLA,X16,5.29
Megaflex NLA,Y16,6.08
Megaflex NLA,Z16,11.8
Megaflex NLA,AA16,13.57
Megaflex NLA,A17,Megaflex
Megaflex NLA,B17,Me
Megaflex NLA,C17,2
Megaflex NLA,D17,2
Megaflex NLA,E17,Me22N
Megaflex NLA,I17,≥ 500V & < 66kV
Megaflex NLA,J17,734.61
Megaflex NLA,K17,844.8
Megaflex NLA,L17,183.66
Megaflex NLA,M17,211.21
Megaflex NLA,N17,122.43
Megaflex NLA,O17,140.79
Megaflex NLA,P17,304.87
Megaflex NLA,Q17,350.6
Megaflex NLA,R17,171.41
Megaflex NLA,S17,197.12
Megaflex NLA,T17,122.43
Megaflex NLA,U17,140.79
Megaflex NLA,V17,24.14
Megaflex NLA,W17,27.76
Megaflex NLA,X17,12.27
Megaflex NLA,Y17,14.11
Megaflex NLA,Z17,11.37
Megaflex NLA,AA17,13.08
Megaflex NLA,A18,Megaflex
Megaflex NLA,B18,Me
Megaflex NLA,C18,2
Megaflex NLA,D18,3
Megaflex NLA,E18,Me23N
Megaflex NLA,I18,≥ 66kV & ≤ 132kV
Megaflex NLA,J18,681.72
Megaflex NLA,K18,783.98
Megaflex NLA,L18,170.43
Megaflex NLA,M18,195.99
Megaflex NLA,N18,113.61
Megaflex NLA,O18,130.65
Megaflex NLA,P18,282.93
Megaflex NLA,Q18,325.37
Megaflex NLA,R18,159.08
Megaflex NLA,S18,182.94
Megaflex NLA,T18,113.61
Megaflex NLA,U18,130.65
Megaflex NLA,V18,22.4
Megaflex NLA,W18,25.76
Megaflex NLA,X18,9.28
Megaflex NLA,Y18,10.67
Megaflex NLA,Z18,10.38
Megaflex NLA,AA18,11.94
Megaflex NLA,A19,Megaflex
Megaflex NLA,B19,Me
Megaflex NLA,C19,2
Megaflex NLA,D19,4
Megaflex NLA,E19,Me24N
Megaflex NLA,I19,> 132kV*
Megaflex NLA,J19,635.69
Megaflex NLA,K19,731.04
Megaflex NLA,L19,158.93
Megaflex NLA,M19,182.77
Megaflex NLA,N19,105.95
Megaflex NLA,O19,121.84
Megaflex NLA,P19,263.83
Megaflex NLA,Q19,303.4
Megaflex NLA,R19,148.33
Megaflex NLA,S19,170.58
Megaflex NLA,T19,105.95
Megaflex NLA,U19,121.84
Megaflex NLA,V19,20.89
Megaflex NLA,W19,24.02
Megaflex NLA,X19,10.65
Megaflex NLA,Y19,12.25
Megaflex NLA,Z19,18.12
Megaflex NLA,AA19,20.84
Megaflex NLA,A20,Megaflex
Megaflex NLA,B20,Me
Megaflex NLA,C20,3
Megaflex NLA,D20,1
Megaflex NLA,E20,Me31N
Megaflex NLA,H20,> 900km
Megaflex NLA,I20,< 500V
Megaflex NLA,J20,761.46
Megaflex NLA,K20,875.68
Megaflex NLA,L20,190.36
Megaflex NLA,M20,218.91
Megaflex NLA,N20,126.91
Megaflex NLA,O20,145.95
Megaflex NLA,P20,316.02
Megaflex NLA,Q20,363.42
Megaflex NLA,R20,177.67
Megaflex NLA,S20,204.32
Megaflex NLA,T20,126.91
Megaflex NLA,U20,145.95
Megaflex NLA,V20,24.78
Megaflex NLA,W20,28.5
Megaflex NLA,X20,5.29
Megaflex NLA,Y20,6.08
Megaflex NLA,Z20,11.92
Megaflex NLA,AA20,13.71
Megaflex NLA,A21,Megaflex
Megaflex NLA,B21,Me
Megaflex NLA,C21,3
Megaflex NLA,D21,2
Megaflex NLA,E21,Me32N
Megaflex NLA,I21,≥ 500V & < 66kV
Megaflex NLA,J21,741.81
Megaflex NLA,K21,853.08
Megaflex NLA,L21,185.46
Megaflex NLA,M21,213.28
Megaflex NLA,N21,123.64
Megaflex NLA,O21,142.19
Megaflex NLA,P21,307.86
Megaflex NLA,Q21,354.04
Megaflex NLA,R21,173.08
Megaflex NLA,S21,199.04
Megaflex NLA,T21,123.64
Megaflex NLA,U21,142.19
Megaflex NLA,V21,24.14
Megaflex NLA,W21,27.76
Megaflex NLA,X21,12.27
Megaflex NLA,Y21,14.11
Megaflex NLA,Z21,11.47
Megaflex NLA,AA21,13.19
Megaflex NLA,A22,Megaflex
Megaflex NLA,B22,Me
Megaflex NLA,C22,3
Megaflex NLA,D22,3
Megaflex NLA,E22,Me33N
Megaflex NLA,I22,≥ 66kV & ≤ 132kV
Megaflex NLA,J22,688.4
Megaflex NLA,K22,791.66
Megaflex NLA,L22,172.1
Megaflex NLA,M22,197.92
Megaflex NLA,N22,114.74
Megaflex NLA,O22,131.95
Megaflex NLA,P22,285.69
Megaflex NLA,Q22,328.54
Megaflex NLA,R22,160.63
Megaflex NLA,S22,184.72
Megaflex NLA,T22,114.74
Megaflex NLA,U22,131.95
Megaflex NLA,V22,22.4
Megaflex NLA,W22,25.76
Megaflex NLA,X22,9.28
Megaflex NLA,Y22,10.67
Megaflex NLA,Z22,10.47
Megaflex NLA,AA22,12.04
Megaflex NLA,A23,Megaflex
Megaflex NLA,B23,Me
Megaflex NLA,C23,3
Megaflex NLA,D23,4
Megaflex NLA,E23,Me34N
Megaflex NLA,I23,> 132kV*
Megaflex NLA,J23,641.92
Megaflex NLA,K23,738.21
Megaflex NLA,L23,160.48
Megaflex NLA,M23,184.55
Megaflex NLA,N23,106.97
Megaflex NLA,O23,123.02
Megaflex NLA,P23,266.41
Megaflex NLA,Q23,306.37
Megaflex NLA,R23,149.78
Megaflex NLA,S23,172.25
Megaflex NLA,T23,106.97
Megaflex NLA,U23,123.02
Megaflex NLA,V23,20.89
Megaflex NLA,W23,24.02
Megaflex NLA,X23,10.65
Megaflex NLA,Y23,12.25
Megaflex NLA,Z23,18.3
Megaflex NLA,AA23,21.05
Megaflex NLA,I24,* 132 kV or Transmission connected
Megaflex NLA,H26,Distribution network charges
Megaflex NLA,J27,Network capacity charge [R/kVA/m]
Megaflex NLA,L27,Network demand charge [R/kVA/m]
Megaflex NLA,N27,Urban low voltage subsidy charge [R/kVA/m]
Megaflex NLA,H28,Voltage
Megaflex NLA,Q28,Voltage
Megaflex NLA,S28,Ancillary service charge [c/kWh]
Megaflex NLA,A29,Tariff
Megaflex NLA,B29,Tariff nameBillcode
Megaflex NLA,C29,Tx zone
Megaflex NLA,D29,Voltage
Megaflex NLA,E29,Billcode
Megaflex NLA,K29,VAT incl
Megaflex NLA,M29,VAT incl
Megaflex NLA,O29,VAT incl
Megaflex NLA,T29,VAT incl
Megaflex NLA,A30,Megaflex
Megaflex NLA,B30,Me
Megaflex NLA,C30,0
Megaflex NLA,D30,1
Megaflex NLA,E30,Me01N
Megaflex NLA,H30,< 500V
Megaflex NLA,J30,42.66
Megaflex NLA,K30,49.06
Megaflex NLA,L30,52.65
Megaflex NLA,M30,60.55
Megaflex NLA,N30,0
Megaflex NLA,O30,0
Megaflex NLA,Q30,< 500V
Megaflex NLA,S30,0.45
Megaflex NLA,T30,0.52
Megaflex NLA,A31,Megaflex
Megaflex NLA,B31,Me
Megaflex NLA,C31,0
Megaflex NLA,D31,2
Megaflex NLA,E31,Me02N
Megaflex NLA,H31,≥ 500V & < 66kV
Megaflex NLA,J31,39.13
Megaflex NLA,K31,45
Megaflex NLA,L31,26.29
Megaflex NLA,M31,30.23
Megaflex NLA,N31,0
Megaflex NLA,O31,0
Megaflex NLA,Q31,≥ 500V & < 66kV
Megaflex NLA,S31,0.42
Megaflex NLA,T31,0.48
Megaflex NLA,A32,Megaflex
Megaflex NLA,B32,Me
Megaflex NLA,C32,0
Megaflex NLA,D32,3
Megaflex NLA,E32,Me03N
Megaflex NLA,H32,≥ 66kV & ≤ 132kV
Megaflex NLA,J32,14.16
Megaflex NLA,K32,16.28
Megaflex NLA,L32,10.36
Megaflex NLA,M32,11.91
Megaflex NLA,N32,11.09
Megaflex NLA,O32,12.75
Megaflex NLA,Q32,≥ 66kV & ≤ 132kV
Megaflex NLA,S32,0.39
Megaflex NLA,T32,0.45
Megaflex NLA,A33,Megaflex
Megaflex NLA,B33,Me
Megaflex NLA,C33,0
Megaflex NLA,D33,4
Megaflex NLA,E33,Me04N
Megaflex NLA,H33,> 132kV*
Megaflex NLA,J33,0
Megaflex NLA,K33,0
Megaflex NLA,L33,0
Megaflex NLA,M33,0
Megaflex NLA,N33,11.09
Megaflex NLA,O33,12.75
Megaflex NLA,Q33,> 132kV*
Megaflex NLA,S33,0.37
Megaflex NLA,T33,0.43
Megaflex NLA,H34,* 132 kV or Transmission connected
Megaflex NLA,Q34,* 132 kV or Transmission connected
Megaflex NLA,H36,Customer categories
Megaflex NLA,J36,Service charge [R/POD/day]
Megaflex NLA,L36,Administration charge [R/POD/day]
Megaflex NLA,Q36,Reactive energy charge [c/kVArh]
Megaflex NLA,Q37,High season
Megaflex NLA,S37,Low season
Megaflex NLA,A38,Tariff
Megaflex NLA,B38,Tariff nameBillcode
Megaflex NLA,C38,Tx zone
Megaflex NLA,D38,Voltage
Megaflex NLA,E38,Billcode
Megaflex NLA,K38,VAT incl
Megaflex NLA,M38,VAT incl
Megaflex NLA,R38,VAT incl
Megaflex NLA,T38,VAT incl
Megaflex NLA,A39,Megaflex
Megaflex NLA,B39,Me
Megaflex NLA,C39,0
Megaflex NLA,D39,1
Megaflex NLA,E39,Me01N
Megaflex NLA,H39,> 1 MVA
Megaflex NLA,J39,215.91
Megaflex NLA,K39,248.3
Megaflex NLA,L39,21.07
Megaflex NLA,M39,24.23
Megaflex NLA,Q39,34.49
Megaflex NLA,R39,39.66
Megaflex NLA,S39,0
Megaflex NLA,T39,0
Megaflex NLA,A40,Megaflex
Megaflex NLA,B40,Me
Megaflex NLA,C40,0
Megaflex NLA,D40,1
Megaflex NLA,E40,Me01N
Megaflex NLA,H40,Key customers
Megaflex NLA,J40,1216.44
Megaflex NLA,K40,1398.91
Megaflex NLA,L40,21.07
Megaflex NLA,M40,24.23
Megaflex NLA,H42,Electrification and rural network subsidy charge [c/kWh]
Megaflex NLA,J42,Affordability subsidy charge [c/kWh] Only payable by non-local authority tariffs
Megaflex NLA,A45,Tariff
Megaflex NLA,B45,Tariff nameBillcode
Megaflex NLA,C45,Tx zone
Megaflex NLA,D45,Voltage
Megaflex NLA,E45,Billcode
Megaflex NLA,I45,VAT incl
Megaflex NLA,K45,VAT incl
Megaflex NLA,A46,Megaflex
Megaflex NLA,B46,Me
Megaflex NLA,C46,0
Megaflex NLA,D46,1
Megaflex NLA,E46,Me01N
Megaflex NLA,H46,5.37
Megaflex NLA,I46,6.18
Megaflex NLA,J46,5.1
Megaflex NLA,K46,5.87
Miniflex NLA,G1,Back to menu
Miniflex NLA,W1,#REF!
Miniflex NLA,A2,Non-municipal
Miniflex NLA,G2,Miniflex - Non-Local Authority
Miniflex NLA,J4,Active energy charge [c/kWh]
Miniflex NLA,V4,Legacy charge [c/kWh]
Miniflex NLA,X4,Generation capacity charge [R/kVA/m]
Miniflex NLA,Z4,Network capacity charge [R/kVA/m]
Miniflex NLA,H5,Transmission zone
Miniflex NLA,J5,High demand season [Jun - Aug]
Miniflex NLA,P5,Low demand season [Sep - May]
Miniflex NLA,I6,Voltage
Miniflex NLA,J6,Peak
Miniflex NLA,L6,Standard
Miniflex NLA,N6,Off Peak
Miniflex NLA,P6,Peak
Miniflex NLA,R6,Standard
Miniflex NLA,T6,Off Peak
Miniflex NLA,A7,Tariff
Miniflex NLA,B7,Tariff nameBillcode
Miniflex NLA,C7,Tx zone
Miniflex NLA,D7,Voltage
Miniflex NLA,E7,Billcode
Miniflex NLA,K7,VAT incl
Miniflex NLA,M7,VAT incl
Miniflex NLA,O7,VAT incl
Miniflex NLA,Q7,VAT incl
Miniflex NLA,S7,VAT incl
Miniflex NLA,U7,VAT incl
Miniflex NLA,W7,VAT incl
Miniflex NLA,Y7,VAT incl
Miniflex NLA,AA7,VAT incl
Miniflex NLA,A8,Miniflex
Miniflex NLA,B8,Mi
Miniflex NLA,C8,0
Miniflex NLA,D8,1
Miniflex NLA,E8,Mi01N
Miniflex NLA,H8,≤ 300km
Miniflex NLA,I8,< 500V
Miniflex NLA,J8,739.28
Miniflex NLA,K8,850.17
Miniflex NLA,L8,184.82
Miniflex NLA,M8,212.54
Miniflex NLA,N8,123.2
Miniflex NLA,O8,141.68
Miniflex NLA,P8,306.82
Miniflex NLA,Q8,352.84
Miniflex NLA,R8,172.5
Miniflex NLA,S8,198.38
Miniflex NLA,T8,123.2
Miniflex NLA,U8,141.68
Miniflex NLA,V8,24.78
Miniflex NLA,W8,28.5
Miniflex NLA,X8,5.29
Miniflex NLA,Y8,6.08
Miniflex NLA,Z8,54.22
Miniflex NLA,AA8,62.35
Miniflex NLA,A9,Miniflex
Miniflex NLA,B9,Mi
Miniflex NLA,C9,0
Miniflex NLA,D9,2
Miniflex NLA,E9,Mi02N
Miniflex NLA,I9,≥ 500V & < 66kV
Miniflex NLA,J9,720.19
Miniflex NLA,K9,828.22
Miniflex NLA,L9,180.05
Miniflex NLA,M9,207.06
Miniflex NLA,N9,120.03
Miniflex NLA,O9,138.03
Miniflex NLA,P9,298.89
Miniflex NLA,Q9,343.72
Miniflex NLA,R9,168.05
Miniflex NLA,S9,193.26
Miniflex NLA,T9,120.03
Miniflex NLA,U9,138.03
Miniflex NLA,V9,24.14
Miniflex NLA,W9,27.76
Miniflex NLA,X9,12.27
Miniflex NLA,Y9,14.11
Miniflex NLA,Z9,50.27
Miniflex NLA,AA9,57.81
Miniflex NLA,A10,Miniflex
Miniflex NLA,B10,Mi
Miniflex NLA,C10,0
Miniflex NLA,D10,3
Miniflex NLA,E10,Mi03N
Miniflex NLA,I10,≥ 66kV & ≤ 132kV
Miniflex NLA,J10,668.35
Miniflex NLA,K10,768.6
Miniflex NLA,L10,167.08
Miniflex NLA,M10,192.14
Miniflex NLA,N10,111.39
Miniflex NLA,O10,128.1
Miniflex NLA,P10,277.38
Miniflex NLA,Q10,318.99
Miniflex NLA,R10,155.96
Miniflex NLA,S10,179.35
Miniflex NLA,T10,111.39
Miniflex NLA,U10,128.1
Miniflex NLA,V10,22.4
Miniflex NLA,W10,25.76
Miniflex NLA,X10,9.28
Miniflex NLA,Y10,10.67
Miniflex NLA,Z10,24.33
Miniflex NLA,AA10,27.98
Miniflex NLA,A11,Miniflex
Miniflex NLA,B11,Mi
Miniflex NLA,C11,0
Miniflex NLA,D11,4
Miniflex NLA,E11,Mi04N
Miniflex NLA,I11,> 132kV*
Miniflex NLA,J11,623.23
Miniflex NLA,K11,716.71
Miniflex NLA,L11,155.81
Miniflex NLA,M11,179.18
Miniflex NLA,N11,103.87
Miniflex NLA,O11,119.45
Miniflex NLA,P11,258.65
Miniflex NLA,Q11,297.45
Miniflex NLA,R11,145.43
Miniflex NLA,S11,167.24
Miniflex NLA,T11,103.87
Miniflex NLA,U11,119.45
Miniflex NLA,V11,20.89
Miniflex NLA,W11,24.02
Miniflex NLA,X11,10.65
Miniflex NLA,Y11,12.25
Miniflex NLA,Z11,17.77
Miniflex NLA,AA11,20.44
Miniflex NLA,A12,Miniflex
Miniflex NLA,B12,Mi
Miniflex NLA,C12,1
Miniflex NLA,D12,1
Miniflex NLA,E12,Mi11N
Miniflex NLA,H12,> 300km and ≤ 600km
Miniflex NLA,I12,< 500V
Miniflex NLA,J12,746.66
Miniflex NLA,K12,858.66
Miniflex NLA,L12,186.67
Miniflex NLA,M12,214.67
Miniflex NLA,N12,124.43
Miniflex NLA,O12,143.09
Miniflex NLA,P12,309.88
Miniflex NLA,Q12,356.36
Miniflex NLA,R12,174.23
Miniflex NLA,S12,200.36
Miniflex NLA,T12,124.43
Miniflex NLA,U12,143.09
Miniflex NLA,V12,24.78
Miniflex NLA,W12,28.5
Miniflex NLA,X12,5.29
Miniflex NLA,Y12,6.08
Miniflex NLA,Z12,54.35
Miniflex NLA,AA12,62.5
Miniflex NLA,A13,Miniflex
Miniflex NLA,B13,Mi
Miniflex NLA,C13,1
Miniflex NLA,D13,2
Miniflex NLA,E13,Mi12N
Miniflex NLA,I13,≥ 500V & < 66kV
Miniflex NLA,J13,727.41
Miniflex NLA,K13,836.52
Miniflex NLA,L13,181.85
Miniflex NLA,M13,209.13
Miniflex NLA,N13,121.24
Miniflex NLA,O13,139.43
Miniflex NLA,P13,301.88
Miniflex NLA,Q13,347.16
Miniflex NLA,R13,169.72
Miniflex NLA,S13,195.18
Miniflex NLA,T13,121.24
Miniflex NLA,U13,139.43
Miniflex NLA,V13,24.14
Miniflex NLA,W13,27.76
Miniflex NLA,X13,12.27
Miniflex NLA,Y13,14.11
Miniflex NLA,Z13,50.38
Miniflex NLA,AA13,57.94
Miniflex NLA,A14,Miniflex
Miniflex NLA,B14,Mi
Miniflex NLA,C14,1
Miniflex NLA,D14,3
Miniflex NLA,E14,Mi13N
Miniflex NLA,I14,≥ 66kV & ≤ 132kV
Miniflex NLA,J14,675.03
Miniflex NLA,K14,776.28
Miniflex NLA,L14,168.76
Miniflex NLA,M14,194.07
Miniflex NLA,N14,112.5
Miniflex NLA,O14,129.38
Miniflex NLA,P14,280.15
Miniflex NLA,Q14,322.17
Miniflex NLA,R14,157.51
Miniflex NLA,S14,181.14
Miniflex NLA,T14,112.5
Miniflex NLA,U14,129.38
Miniflex NLA,V14,22.4
Miniflex NLA,W14,25.76
Miniflex NLA,X14,9.28
Miniflex NLA,Y14,10.67
Miniflex NLA,Z14,24.44
Miniflex NLA,AA14,28.11
Miniflex NLA,A15,Miniflex
Miniflex NLA,B15,Mi
Miniflex NLA,C15,1
Miniflex NLA,D15,4
Miniflex NLA,E15,Mi14N
Miniflex NLA,I15,> 132kV*
Miniflex NLA,J15,629.46
Miniflex NLA,K15,723.88
Miniflex NLA,L15,157.37
Miniflex NLA,M15,180.98
Miniflex NLA,N15,104.91
Miniflex NLA,O15,120.65
Miniflex NLA,P15,261.23
Miniflex NLA,Q15,300.41
Miniflex NLA,R15,146.87
Miniflex NLA,S15,168.9
Miniflex NLA,T15,104.91
Miniflex NLA,U15,120.65
Miniflex NLA,V15,20.89
Miniflex NLA,W15,24.02
Miniflex NLA,X15,10.65
Miniflex NLA,Y15,12.25
Miniflex NLA,Z15,17.96
Miniflex NLA,AA15,20.65
Miniflex NLA,A16,Miniflex
Miniflex NLA,B16,Mi
Miniflex NLA,C16,2
Miniflex NLA,D16,1
Miniflex NLA,E16,Mi21N
Miniflex NLA,H16,> 600km and ≤ 900km
Miniflex NLA,I16,< 500V
Miniflex NLA,J16,754.06
Miniflex NLA,K16,867.17
Miniflex NLA,L16,188.51
Miniflex NLA,M16,216.79
Miniflex NLA,N16,125.67
Miniflex NLA,O16,144.52
Miniflex NLA,P16,312.95
Miniflex NLA,Q16,359.89
Miniflex NLA,R16,175.94
Miniflex NLA,S16,202.33
Miniflex NLA,T16,125.67
Miniflex NLA,U16,144.52
Miniflex NLA,V16,24.78
Miniflex NLA,W16,28.5
Miniflex NLA,X16,5.29
Miniflex NLA,Y16,6.08
Miniflex NLA,Z16,54.46
Miniflex NLA,AA16,62.63
Miniflex NLA,A17,Miniflex
Miniflex NLA,B17,Mi
Miniflex NLA,C17,2
Miniflex NLA,D17,2
Miniflex NLA,E17,Mi22N
Miniflex NLA,I17,≥ 500V & < 66kV
Miniflex NLA,J17,734.61
Miniflex NLA,K17,844.8
Miniflex NLA,L17,183.66
Miniflex NLA,M17,211.21
Miniflex NLA,N17,122.43
Miniflex NLA,O17,140.79
Miniflex NLA,P17,304.87
Miniflex NLA,Q17,350.6
Miniflex NLA,R17,171.41
Miniflex NLA,S17,197.12
Miniflex NLA,T17,122.43
Miniflex NLA,U17,140.79
Miniflex NLA,V17,24.14
Miniflex NLA,W17,27.76
Miniflex NLA,X17,12.27
Miniflex NLA,Y17,14.11
Miniflex NLA,Z17,50.5
Miniflex NLA,AA17,58.08
Miniflex NLA,A18,Miniflex
Miniflex NLA,B18,Mi
Miniflex NLA,C18,2
Miniflex NLA,D18,3
Miniflex NLA,E18,Mi23N
Miniflex NLA,I18,≥ 66kV & ≤ 132kV
Miniflex NLA,J18,681.72
Miniflex NLA,K18,783.98
Miniflex NLA,L18,170.43
Miniflex NLA,M18,195.99
Miniflex NLA,N18,113.61
Miniflex NLA,O18,130.65
Miniflex NLA,P18,282.93
Miniflex NLA,Q18,325.37
Miniflex NLA,R18,159.08
Miniflex NLA,S18,182.94
Miniflex NLA,T18,113.61
Miniflex NLA,U18,130.65
Miniflex NLA,V18,22.4
Miniflex NLA,W18,25.76
Miniflex NLA,X18,9.28
Miniflex NLA,Y18,10.67
Miniflex NLA,Z18,24.54
Miniflex NLA,AA18,28.22
Miniflex NLA,A19,Miniflex
Miniflex NLA,B19,Mi
Miniflex NLA,C19,2
Miniflex NLA,D19,4
Miniflex NLA,E19,Mi24N
Miniflex NLA,I19,> 132kV*
Miniflex NLA,J19,635.69
Miniflex NLA,K19,731.04
Miniflex NLA,L19,158.93
Miniflex NLA,M19,182.77
Miniflex NLA,N19,105.95
Miniflex NLA,O19,121.84
Miniflex NLA,P19,263.83
Miniflex NLA,Q19,303.4
Miniflex NLA,R19,148.33
Miniflex NLA,S19,170.58
Miniflex NLA,T19,105.95
Miniflex NLA,U19,121.84
Miniflex NLA,V19,20.89
Miniflex NLA,W19,24.02
Miniflex NLA,X19,10.65
Miniflex NLA,Y19,12.25
Miniflex NLA,Z19,18.12
Miniflex NLA,AA19,20.84
Miniflex NLA,A20,Miniflex
Miniflex NLA,B20,Mi
Miniflex NLA,C20,3
Miniflex NLA,D20,1
Miniflex NLA,E20,Mi31N
Miniflex NLA,H20,> 900km
Miniflex NLA,I20,< 500V
Miniflex NLA,J20,761.46
Miniflex NLA,K20,875.68
Miniflex NLA,L20,190.36
Miniflex NLA,M20,218.91
Miniflex NLA,N20,126.91
Miniflex NLA,O20,145.95
Miniflex NLA,P20,316.02
Miniflex NLA,Q20,363.42
Miniflex NLA,R20,177.67
Miniflex NLA,S20,204.32
Miniflex NLA,T20,126.91
Miniflex NLA,U20,145.95
Miniflex NLA,V20,24.78
Miniflex NLA,W20,28.5
Miniflex NLA,X20,5.29
Miniflex NLA,Y20,6.08
Miniflex NLA,Z20,54.58
Miniflex NLA,AA20,62.77
Miniflex NLA,A21,Miniflex
Miniflex NLA,B21,Mi
Miniflex NLA,C21,3
Miniflex NLA,D21,2
Miniflex NLA,E21,Mi32N
Miniflex NLA,I21,≥ 500V & < 66kV
Miniflex NLA,J21,741.81
Miniflex NLA,K21,853.08
Miniflex NLA,L21,185.46
Miniflex NLA,M21,213.28
Miniflex NLA,N21,123.64
Miniflex NLA,O21,142.19
Miniflex NLA,P21,307.86
Miniflex NLA,Q21,354.04
Miniflex NLA,R21,173.08
Miniflex NLA,S21,199.04
Miniflex NLA,T21,123.64
Miniflex NLA,U21,142.19
Miniflex NLA,V21,24.14
Miniflex NLA,W21,27.76
Miniflex NLA,X21,12.27
Miniflex NLA,Y21,14.11
Miniflex NLA,Z21,50.61
Miniflex NLA,AA21,58.2
Miniflex NLA,A22,Miniflex
Miniflex NLA,B22,Mi
Miniflex NLA,C22,3
Miniflex NLA,D22,3
Miniflex NLA,E22,Mi33N
Miniflex NLA,I22,≥ 66kV & ≤ 132kV
Miniflex NLA,J22,688.4
Miniflex NLA,K22,791.66
Miniflex NLA,L22,172.1
Miniflex NLA,M22,197.92
Miniflex NLA,N22,114.74
Miniflex NLA,O22,131.95
Miniflex NLA,P22,285.69
Miniflex NLA,Q22,328.54
Miniflex NLA,R22,160.63
Miniflex NLA,S22,184.72
Miniflex NLA,T22,114.74
Miniflex NLA,U22,131.95
Miniflex NLA,V22,22.4
Miniflex NLA,W22,25.76
Miniflex NLA,X22,9.28
Miniflex NLA,Y22,10.67
Miniflex NLA,Z22,24.63
Miniflex NLA,AA22,28.32
Miniflex NLA,A23,Miniflex
Miniflex NLA,B23,Mi
Miniflex NLA,C23,3
Miniflex NLA,D23,4
Miniflex NLA,E23,Mi34N
Miniflex NLA,I23,> 132kV*
Miniflex NLA,J23,641.92
Miniflex NLA,K23,738.21
Miniflex NLA,L23,160.48
Miniflex NLA,M23,184.55
Miniflex NLA,N23,106.97
Miniflex NLA,O23,123.02
Miniflex NLA,P23,266.41
Miniflex NLA,Q23,306.37
Miniflex NLA,R23,149.78
Miniflex NLA,S23,172.25
Miniflex NLA,T23,106.97
Miniflex NLA,U23,123.02
Miniflex NLA,V23,20.89
Miniflex NLA,W23,24.02
Miniflex NLA,X23,10.65
Miniflex NLA,Y23,12.25
Miniflex NLA,Z23,18.3
Miniflex NLA,AA23,21.05
Miniflex NLA,I24,* 132 kV or Transmission connected
Miniflex NLA,H26,Customer categories
Miniflex NLA,J26,Service charge [R/POD/day]
Miniflex NLA,L26,Administration charge [R/POD/day]
Miniflex NLA,A28,Tariff
Miniflex NLA,B28,Tariff nameBillcode
Miniflex NLA,C28,Tx zone
Miniflex NLA,D28,Voltage
Miniflex NLA,E28,Billcode
Miniflex NLA,K28,VAT incl
Miniflex NLA,M28,VAT incl
Miniflex NLA,P28,Ancillary service charge [c/kWh]
Miniflex NLA,R28,Network demand charge [c/kWh] [Peak & Standard]
Miniflex NLA,U28,Urban low voltage subsidy charge [R/kVA/m]
Miniflex NLA,A29,Miniflex
Miniflex NLA,B29,Mi
Miniflex NLA,C29,0
Miniflex NLA,D29,1
Miniflex NLA,E29,Mi01N
Miniflex NLA,H29,≤ 100 kVA
Miniflex NLA,J29,14.94
Miniflex NLA,K29,17.18
Miniflex NLA,L29,0.79
Miniflex NLA,M29,0.91
Miniflex NLA,O29,Voltage
Miniflex NLA,Q29,VAT incl
Miniflex NLA,S29,VAT incl
Miniflex NLA,W29,VAT incl
Miniflex NLA,A30,Miniflex
Miniflex NLA,B30,Mi
Miniflex NLA,C30,0
Miniflex NLA,D30,1
Miniflex NLA,E30,Mi01N
Miniflex NLA,H30,> 100 kVA & ≤ 500 kVA
Miniflex NLA,J30,69.91
Miniflex NLA,K30,80.4
Miniflex NLA,L30,13.49
Miniflex NLA,M30,15.51
Miniflex NLA,O30,< 500V
Miniflex NLA,P30,0.45
Miniflex NLA,Q30,0.52
Miniflex NLA,R30,32.3
Miniflex NLA,S30,37.15
Miniflex NLA,U30,< 500V
Miniflex NLA,V30,0
Miniflex NLA,W30,0
Miniflex NLA,A31,Miniflex
Miniflex NLA,B31,Mi
Miniflex NLA,C31,0
Miniflex NLA,D31,1
Miniflex NLA,E31,Mi01N
Miniflex NLA,H31,> 500 kVA & ≤ 1 MVA
Miniflex NLA,J31,215.91
Miniflex NLA,K31,248.3
Miniflex NLA,L31,21.07
Miniflex NLA,M31,24.23
Miniflex NLA,O31,≥ 500V & < 66kV
Miniflex NLA,P31,0.42
Miniflex NLA,Q31,0.48
Miniflex NLA,R31,10.45
Miniflex NLA,S31,12.02
Miniflex NLA,U31,≥ 500V & < 66kV
Miniflex NLA,V31,0
Miniflex NLA,W31,0
Miniflex NLA,A32,Miniflex
Miniflex NLA,B32,Mi
Miniflex NLA,C32,0
Miniflex NLA,D32,1
Miniflex NLA,E32,Mi01N
Miniflex NLA,H32,> 1 MVA
Miniflex NLA,J32,215.91
Miniflex NLA,K32,248.3
Miniflex NLA,L32,21.07
Miniflex NLA,M32,24.23
Miniflex NLA,O32,≥ 66kV & ≤ 132kV
Miniflex NLA,P32,0.39
Miniflex NLA,Q32,0.45
Miniflex NLA,R32,10.21
Miniflex NLA,S32,11.74
Miniflex NLA,U32,≥ 66kV & ≤ 132kV
Miniflex NLA,V32,11.09
Miniflex NLA,W32,12.75
Miniflex NLA,A33,Miniflex
Miniflex NLA,B33,Mi
Miniflex NLA,C33,0
Miniflex NLA,D33,1
Miniflex NLA,E33,Mi01N
Miniflex NLA,H33,Key customers
Miniflex NLA,J33,1216.44
Miniflex NLA,K33,1398.91
Miniflex NLA,L33,21.07
Miniflex NLA,M33,24.23
Miniflex NLA,O33,> 132kV*
Miniflex NLA,P33,0.37
Miniflex NLA,Q33,0.43
Miniflex NLA,R33,0
Miniflex NLA,S33,0
Miniflex NLA,U33,> 132kV*
Miniflex NLA,V33,11.09
Miniflex NLA,W33,12.75
Miniflex NLA,O34,* 132 kV or Transmission connected
Miniflex NLA,U34,* 132 kV or Transmission connected
Miniflex NLA,H36,Electrification and rural network subsidy charge [c/kWh]
Miniflex NLA,J36,Affordability subsidy charge [c/kWh] Only payable by non-local authority tariffs
Miniflex NLA,O36,Reactive energy charge [c/kVArh]
Miniflex NLA,O38,High season
Miniflex NLA,Q38,Low season
Miniflex NLA,A39,Tariff
Miniflex NLA,B39,Tariff nameBillcode
Miniflex NLA,C39,Tx zone
Miniflex NLA,D39,Voltage
Miniflex NLA,E39,Billcode
Miniflex NLA,I39,VAT incl
Miniflex NLA,K39,VAT incl
Miniflex NLA,P39,VAT incl
Miniflex NLA,R39,VAT incl
Miniflex NLA,A40,Miniflex
Miniflex NLA,B40,Mi
Miniflex NLA,C40,0
Miniflex NLA,D40,1
Miniflex NLA,E40,Mi01N
Miniflex NLA,H40,5.37
Miniflex NLA,I40,6.18
Miniflex NLA,J40,5.1
Miniflex NLA,K40,5.87
Miniflex NLA,O40,15.02
Miniflex NLA,P40,17.27
Miniflex NLA,Q40,0
Miniflex NLA,R40,0
Miniflex NLA,A42,Miniflex
Miniflex NLA,B42,Mi
Miniflex NLA,C42,0
Miniflex NLA,D42,1
Miniflex NLA,E42,Mi01N
Miniflex NLA,A43,Miniflex
Miniflex NLA,B43,Mi
Miniflex NLA,C43,1
Miniflex NLA,D43,2
Miniflex NLA,E43,Mi12N
Miniflex NLA,A44,Miniflex
Miniflex NLA,B44,Mi
Miniflex NLA,C44,2
Miniflex NLA,D44,3
Miniflex NLA,E44,Mi23N
Miniflex NLA,A45,Miniflex
Miniflex NLA,B45,Mi
Miniflex NLA,C45,3
Miniflex NLA,D45,4
Miniflex NLA,E45,Mi34N
