block,row_label,financial_year,value
sales_GWh,Local-authorities,2010/11,91564
sales_GWh,Local-authorities,2011/12,92140
sales_GWh,Local-authorities,2012/13,91386
sales_GWh,Local-authorities,2013/14,91262
sales_GWh,Local-authorities,2014/15,91090
sales_GWh,Local-authorities,2015/16,89591
sales_GWh,Local-authorities,2016/17,89718
sales_GWh,Local-authorities,2017/18,87133
sales_GWh,Local-authorities,2018/19,87236
sales_GWh,Local-authorities,2019/20,85984
sales_GWh,Local-authorities,2020/21,82446
sales_GWh,Local-authorities,2021/22,83931
sales_GWh,Local-authorities,2022/23,79480
sales_GWh,Local-authorities,2023/24,76102
sales_GWh,Local-authorities,2024/25,78993
sales_GWh,Local-authorities,2025/26,78275
sales_GWh,Residential,2010/11,10539
sales_GWh,Residential,2011/12,10522
sales_GWh,Residential,2012/13,10390
sales_GWh,Residential,2013/14,11017
sales_GWh,Residential,2014/15,11586
sales_GWh,Residential,2015/16,11917
sales_GWh,Residential,2016/17,11863
sales_GWh,Residential,2017/18,12302
sales_GWh,Residential,2018/19,11748
sales_GWh,Residential,2019/20,11293
sales_GWh,Residential,2020/21,10949
sales_GWh,Residential,2021/22,10520
sales_GWh,Residential,2022/23,9177
sales_GWh,Residential,2023/24,8559
sales_GWh,Residential,2024/25,8776
sales_GWh,Residential,2025/26,9043
sales_GWh,Commercial,2010/11,9020
sales_GWh,Commercial,2011/12,9270
sales_GWh,Commercial,2012/13,9519
sales_GWh,Commercial,2013/14,9605
sales_GWh,Commercial,2014/15,9644
sales_GWh,Commercial,2015/16,10150
sales_GWh,Commercial,2016/17,10339
sales_GWh,Commercial,2017/18,10539
sales_GWh,Commercial,2018/19,10558
sales_GWh,Commercial,2019/20,10486
sales_GWh,Commercial,2020/21,9696
sales_GWh,Commercial,2021/22,9872
sales_GWh,Commercial,2022/23,9376
sales_GWh,Commercial,2023/24,9427
sales_GWh,Commercial,2024/25,10071
sales_GWh,Commercial,2025/26,9977
sales_GWh,Industrial,2010/11,59611
sales_GWh,Industrial,2011/12,58632
sales_GWh,Industrial,2012/13,51675
sales_GWh,Industrial,2013/14,54658
sales_GWh,Industrial,2014/15,53467
sales_GWh,Industrial,2015/16,50150
sales_GWh,Industrial,2016/17,48295
sales_GWh,Industrial,2017/18,47854
sales_GWh,Industrial,2018/19,48717
sales_GWh,Industrial,2019/20,45610
sales_GWh,Industrial,2020/21,40881
sales_GWh,Industrial,2021/22,45120
sales_GWh,Industrial,2022/23,44635
sales_GWh,Industrial,2023/24,44231
sales_GWh,Industrial,2024/25,43153
sales_GWh,Industrial,2025/26,33457
sales_GWh,Mining,2010/11,32630
sales_GWh,Mining,2011/12,32617
sales_GWh,Mining,2012/13,31611
sales_GWh,Mining,2013/14,30667
sales_GWh,Mining,2014/15,29988
sales_GWh,Mining,2015/16,30629
sales_GWh,Mining,2016/17,30559
sales_GWh,Mining,2017/18,30235
sales_GWh,Mining,2018/19,28972
sales_GWh,Mining,2019/20,28703
sales_GWh,Mining,2020/21,26991
sales_GWh,Mining,2021/22,28030
sales_GWh,Mining,2022/23,27843
sales_GWh,Mining,2023/24,28072
sales_GWh,Mining,2024/25,27239
sales_GWh,Mining,2025/26,27268
sales_GWh,Agriculture,2010/11,4919
sales_GWh,Agriculture,2011/12,5139
sales_GWh,Agriculture,2012/13,5193
sales_GWh,Agriculture,2013/14,5191
sales_GWh,Agriculture,2014/15,5401
sales_GWh,Agriculture,2015/16,5733
sales_GWh,Agriculture,2016/17,5405
sales_GWh,Agriculture,2017/18,5711
sales_GWh,Agriculture,2018/19,5796
sales_GWh,Agriculture,2019/20,5770
sales_GWh,Agriculture,2020/21,5461
sales_GWh,Agriculture,2021/22,5382
sales_GWh,Agriculture,2022/23,4785
sales_GWh,Agriculture,2023/24,4911
sales_GWh,Agriculture,2024/25,5286
sales_GWh,Agriculture,2025/26,4987
sales_GWh,Traction,2010/11,2867
sales_GWh,Traction,2011/12,3270
sales_GWh,Traction,2012/13,2996
sales_GWh,Traction,2013/14,3125
sales_GWh,Traction,2014/15,3098
sales_GWh,Traction,2015/16,2852
sales_GWh,Traction,2016/17,2849
sales_GWh,Traction,2017/18,3148
sales_GWh,Traction,2018/19,2831
sales_GWh,Traction,2019/20,2600
sales_GWh,Traction,2020/21,1931
sales_GWh,Traction,2021/22,2128
sales_GWh,Traction,2022/23,1668
sales_GWh,Traction,2023/24,1647
sales_GWh,Traction,2024/25,1673
sales_GWh,Traction,2025/26,1701
sales_GWh,International,2010/11,13296
sales_GWh,International,2011/12,13195
sales_GWh,International,2012/13,13791
sales_GWh,International,2013/14,12378
sales_GWh,International,2014/15,12000
sales_GWh,International,2015/16,13465
sales_GWh,International,2016/17,15093
sales_GWh,International,2017/18,15268
sales_GWh,International,2018/19,12461
sales_GWh,International,2019/20,15189
sales_GWh,International,2020/21,13497
sales_GWh,International,2021/22,13298
sales_GWh,International,2022/23,11437
sales_GWh,International,2023/24,10362
sales_GWh,International,2024/25,14532
sales_GWh,International,2025/26,13324
sales_GWh,Total as per annual report,2010/11,224446
sales_GWh,Total as per annual report,2011/12,224785
sales_GWh,Total as per annual report,2012/13,216561
sales_GWh,Total as per annual report,2013/14,217903
sales_GWh,Total as per annual report,2014/15,216274
sales_GWh,Total as per annual report,2015/16,214487
sales_GWh,Total as per annual report,2016/17,214121
sales_GWh,Total as per annual report,2017/18,212190
sales_GWh,Total as per annual report,2018/19,208319
sales_GWh,Total as per annual report,2019/20,205635
sales_GWh,Total as per annual report,2020/21,191852
sales_GWh,Total as per annual report,2021/22,198281
sales_GWh,Total as per annual report,2022/23,188401
sales_GWh,Total as per annual report,2023/24,183311
sales_GWh,Total as per annual report,2024/25,189723
sales_GWh,Total as per annual report,2025/26,178032
sales_GWh,NPA,2010/11,11271.741157000002
sales_GWh,NPA,2011/12,10961.885898999999
sales_GWh,NPA,2012/13,10245.363166
sales_GWh,NPA,2013/14,11229.284345
sales_GWh,NPA,2014/15,9896.431954950624
sales_GWh,NPA,2015/16,9684.383898409167
sales_GWh,NPA,2016/17,9750.115953770113
sales_GWh,NPA,2017/18,9706.534102921083
sales_GWh,NPA,2018/19,9761.152330718945
sales_GWh,NPA,2019/20,9766.845477630288
sales_GWh,NPA,2020/21,9732.275715436688
sales_GWh,NPA,2021/22,10078.666487975053
sales_GWh,NPA,2022/23,10412.575127999999
sales_GWh,NPA,2023/24,20992.780264409732
sales_GWh,NPA,2024/25,22502.735708
sales_GWh,NPA,2025/26,14717.84
sales_GWh,Industrial (Excl NPA),2010/11,48339.258842999996
sales_GWh,Industrial (Excl NPA),2011/12,47670.114101
sales_GWh,Industrial (Excl NPA),2012/13,41429.636834000004
sales_GWh,Industrial (Excl NPA),2013/14,43428.715655
sales_GWh,Industrial (Excl NPA),2014/15,43570.568045049375
sales_GWh,Industrial (Excl NPA),2015/16,40465.61610159083
sales_GWh,Industrial (Excl NPA),2016/17,38544.88404622988
sales_GWh,Industrial (Excl NPA),2017/18,38147.46589707892
sales_GWh,Industrial (Excl NPA),2018/19,38955.84766928105
sales_GWh,Industrial (Excl NPA),2019/20,35843.15452236971
sales_GWh,Industrial (Excl NPA),2020/21,31148.72428456331
sales_GWh,Industrial (Excl NPA),2021/22,35041.33351202495
sales_GWh,Industrial (Excl NPA),2022/23,34222.424872
sales_GWh,Industrial (Excl NPA),2023/24,23238.219735590268
sales_GWh,Industrial (Excl NPA),2024/25,20650.264292
sales_GWh,Industrial (Excl NPA),2025/26,18739.16
sales_GWh,Total (Excld NPA and Int'l),2010/11,199878.258843
sales_GWh,Total (Excld NPA and Int'l),2011/12,200628.114101
sales_GWh,Total (Excld NPA and Int'l),2012/13,192524.636834
sales_GWh,Total (Excld NPA and Int'l),2013/14,194295.715655
sales_GWh,Total (Excld NPA and Int'l),2014/15,194377.56804504938
sales_GWh,Total (Excld NPA and Int'l),2015/16,191337.61610159083
sales_GWh,Total (Excld NPA and Int'l),2016/17,189277.88404622988
sales_GWh,Total (Excld NPA and Int'l),2017/18,187215.46589707892
sales_GWh,Total (Excld NPA and Int'l),2018/19,186096.84766928107
sales_GWh,Total (Excld NPA and Int'l),2019/20,180679.1545223697
sales_GWh,Total (Excld NPA and Int'l),2020/21,168622.7242845633
sales_GWh,Total (Excld NPA and Int'l),2021/22,174904.33351202495
sales_GWh,Total (Excld NPA and Int'l),2022/23,166551.424872
sales_GWh,Total (Excld NPA and Int'l),2023/24,151956.21973559028
sales_GWh,Total (Excld NPA and Int'l),2024/25,152688.264292
sales_GWh,Total (Excld NPA and Int'l),2025/26,149990.16
avg_price_c_per_kWh_sold,Local-authorities,2010/11,39.52535931151981
avg_price_c_per_kWh_sold,Local-authorities,2011/12,48.025830258302584
avg_price_c_per_kWh_sold,Local-authorities,2012/13,54.59370144223404
avg_price_c_per_kWh_sold,Local-authorities,2013/14,60.67256908680503
avg_price_c_per_kWh_sold,Local-authorities,2014/15,65.92490943023384
avg_price_c_per_kWh_sold,Local-authorities,2015/16,74.11012266857162
avg_price_c_per_kWh_sold,Local-authorities,2016/17,81.37608952495597
avg_price_c_per_kWh_sold,Local-authorities,2017/18,83.70536995168307
avg_price_c_per_kWh_sold,Local-authorities,2018/19,88.53111100921637
avg_price_c_per_kWh_sold,Local-authorities,2019/20,99.61853368068478
avg_price_c_per_kWh_sold,Local-authorities,2020/21,109.43890546539554
avg_price_c_per_kWh_sold,Local-authorities,2021/22,125.54240983665153
avg_price_c_per_kWh_sold,Local-authorities,2022/23,140.17866129843986
avg_price_c_per_kWh_sold,Local-authorities,2023/24,163.33604898688603
avg_price_c_per_kWh_sold,Local-authorities,2024/25,183.93908320990468
avg_price_c_per_kWh_sold,Local-authorities,2025/26,206.22420951772597
avg_price_c_per_kWh_sold,Residential,2010/11,66.44842964228104
avg_price_c_per_kWh_sold,Residential,2011/12,77.50427675346893
avg_price_c_per_kWh_sold,Residential,2012/13,87.04523580365736
avg_price_c_per_kWh_sold,Residential,2013/14,92.41172733048924
avg_price_c_per_kWh_sold,Residential,2014/15,98.05800103573277
avg_price_c_per_kWh_sold,Residential,2015/16,108.11445833682973
avg_price_c_per_kWh_sold,Residential,2016/17,118.6040630531906
avg_price_c_per_kWh_sold,Residential,2017/18,118.55795805560072
avg_price_c_per_kWh_sold,Residential,2018/19,125.73203949608444
avg_price_c_per_kWh_sold,Residential,2019/20,142.29168511467282
avg_price_c_per_kWh_sold,Residential,2020/21,154.57119371632112
avg_price_c_per_kWh_sold,Residential,2021/22,177.56653992395437
avg_price_c_per_kWh_sold,Residential,2022/23,196.70916421488505
avg_price_c_per_kWh_sold,Residential,2023/24,225.69225376796354
avg_price_c_per_kWh_sold,Residential,2024/25,252.51823154056518
avg_price_c_per_kWh_sold,Residential,2025/26,273.7918832245936
avg_price_c_per_kWh_sold,Commercial,2010/11,52.62749445676275
avg_price_c_per_kWh_sold,Commercial,2011/12,63.915857605178
avg_price_c_per_kWh_sold,Commercial,2012/13,73.24298770879294
avg_price_c_per_kWh_sold,Commercial,2013/14,82.66527850078084
avg_price_c_per_kWh_sold,Commercial,2014/15,89.16424720033181
avg_price_c_per_kWh_sold,Commercial,2015/16,100.06896551724138
avg_price_c_per_kWh_sold,Commercial,2016/17,109.09178837411741
avg_price_c_per_kWh_sold,Commercial,2017/18,111.25343960527564
avg_price_c_per_kWh_sold,Commercial,2018/19,117.30441371471869
avg_price_c_per_kWh_sold,Commercial,2019/20,134.15029563227162
avg_price_c_per_kWh_sold,Commercial,2020/21,147.5247524752475
avg_price_c_per_kWh_sold,Commercial,2021/22,169.3982982171799
avg_price_c_per_kWh_sold,Commercial,2022/23,187.94795221843003
avg_price_c_per_kWh_sold,Commercial,2023/24,221.70361726954494
avg_price_c_per_kWh_sold,Commercial,2024/25,246.9367490815212
avg_price_c_per_kWh_sold,Commercial,2025/26,268.7681667836023
avg_price_c_per_kWh_sold,Industrial,2010/11,34.33762225092684
avg_price_c_per_kWh_sold,Industrial,2011/12,40.11802428707873
avg_price_c_per_kWh_sold,Industrial,2012/13,45.55974842767296
avg_price_c_per_kWh_sold,Industrial,2013/14,51.78564894434483
avg_price_c_per_kWh_sold,Industrial,2014/15,56.814483700226305
avg_price_c_per_kWh_sold,Industrial,2015/16,62.636091724825526
avg_price_c_per_kWh_sold,Industrial,2016/17,67.710943161818
avg_price_c_per_kWh_sold,Industrial,2017/18,70.01504576419944
avg_price_c_per_kWh_sold,Industrial,2018/19,73.99265143584375
avg_price_c_per_kWh_sold,Industrial,2019/20,82.79324709493532
avg_price_c_per_kWh_sold,Industrial,2020/21,90.02959810180768
avg_price_c_per_kWh_sold,Industrial,2021/22,106.25886524822694
avg_price_c_per_kWh_sold,Industrial,2022/23,119.34356446734627
avg_price_c_per_kWh_sold,Industrial,2023/24,138.74205873708485
avg_price_c_per_kWh_sold,Industrial,2024/25,147.1716914235395
avg_price_c_per_kWh_sold,Industrial,2025/26,163.58310667423856
avg_price_c_per_kWh_sold,Mining,2010/11,39.77627949739503
avg_price_c_per_kWh_sold,Mining,2011/12,48.10068369255296
avg_price_c_per_kWh_sold,Mining,2012/13,55.740090474834716
avg_price_c_per_kWh_sold,Mining,2013/14,64.65907979261095
avg_price_c_per_kWh_sold,Mining,2014/15,69.52114179004936
avg_price_c_per_kWh_sold,Mining,2015/16,78.01430017303862
avg_price_c_per_kWh_sold,Mining,2016/17,84.80316764292026
avg_price_c_per_kWh_sold,Mining,2017/18,86.90921117909707
avg_price_c_per_kWh_sold,Mining,2018/19,91.6402043352202
avg_price_c_per_kWh_sold,Mining,2019/20,104.40720482179564
avg_price_c_per_kWh_sold,Mining,2020/21,113.77125708569523
avg_price_c_per_kWh_sold,Mining,2021/22,130.68141277202997
avg_price_c_per_kWh_sold,Mining,2022/23,143.51183421326726
avg_price_c_per_kWh_sold,Mining,2023/24,170.71459105158164
avg_price_c_per_kWh_sold,Mining,2024/25,193.69653805205772
avg_price_c_per_kWh_sold,Mining,2025/26,220.32418952618454
avg_price_c_per_kWh_sold,Agriculture,2010/11,72.71803212034966
avg_price_c_per_kWh_sold,Agriculture,2011/12,87.215411558669
avg_price_c_per_kWh_sold,Agriculture,2012/13,99.74966300789524
avg_price_c_per_kWh_sold,Agriculture,2013/14,108.74590637642072
avg_price_c_per_kWh_sold,Agriculture,2014/15,115.66376596926496
avg_price_c_per_kWh_sold,Agriculture,2015/16,128.18768533054248
avg_price_c_per_kWh_sold,Agriculture,2016/17,141.70212765957447
avg_price_c_per_kWh_sold,Agriculture,2017/18,142.77709683067764
avg_price_c_per_kWh_sold,Agriculture,2018/19,149.79296066252587
avg_price_c_per_kWh_sold,Agriculture,2019/20,170.51993067590988
avg_price_c_per_kWh_sold,Agriculture,2020/21,187.91430140999816
avg_price_c_per_kWh_sold,Agriculture,2021/22,215.5332590115199
avg_price_c_per_kWh_sold,Agriculture,2022/23,243.67816091954023
avg_price_c_per_kWh_sold,Agriculture,2023/24,282.18285481571985
avg_price_c_per_kWh_sold,Agriculture,2024/25,308.19144911085885
avg_price_c_per_kWh_sold,Agriculture,2025/26,348.8871064768398
avg_price_c_per_kWh_sold,Traction,2010/11,48.55249389605859
avg_price_c_per_kWh_sold,Traction,2011/12,56.23853211009175
avg_price_c_per_kWh_sold,Traction,2012/13,68.65821094793057
avg_price_c_per_kWh_sold,Traction,2013/14,77.34400000000001
avg_price_c_per_kWh_sold,Traction,2014/15,83.63460296965785
avg_price_c_per_kWh_sold,Traction,2015/16,96.59887798036466
avg_price_c_per_kWh_sold,Traction,2016/17,104.94910494910495
avg_price_c_per_kWh_sold,Traction,2017/18,100.09529860228716
avg_price_c_per_kWh_sold,Traction,2018/19,110.1730837160014
avg_price_c_per_kWh_sold,Traction,2019/20,127.8076923076923
avg_price_c_per_kWh_sold,Traction,2020/21,154.16882444329363
avg_price_c_per_kWh_sold,Traction,2021/22,163.39285714285714
avg_price_c_per_kWh_sold,Traction,2022/23,202.27817745803355
avg_price_c_per_kWh_sold,Traction,2023/24,232.84760170006075
avg_price_c_per_kWh_sold,Traction,2024/25,258.9958158995816
avg_price_c_per_kWh_sold,Traction,2025/26,265.37330981775426
avg_price_c_per_kWh_sold,International,2010/11,31.039410348977135
avg_price_c_per_kWh_sold,International,2011/12,36.72603258810155
avg_price_c_per_kWh_sold,International,2012/13,42.72351533608875
avg_price_c_per_kWh_sold,International,2013/14,47.56018742931006
avg_price_c_per_kWh_sold,International,2014/15,52.55
avg_price_c_per_kWh_sold,International,2015/16,59.82176011882658
avg_price_c_per_kWh_sold,International,2016/17,70.77453123964752
avg_price_c_per_kWh_sold,International,2017/18,62.41812942101127
avg_price_c_per_kWh_sold,International,2018/19,66.1343391381109
avg_price_c_per_kWh_sold,International,2019/20,80.51221278556851
avg_price_c_per_kWh_sold,International,2020/21,76.92820626805957
avg_price_c_per_kWh_sold,International,2021/22,86.10317340953527
avg_price_c_per_kWh_sold,International,2022/23,93.54725889656379
avg_price_c_per_kWh_sold,International,2023/24,110.56745801968732
avg_price_c_per_kWh_sold,International,2024/25,148.71318469584364
avg_price_c_per_kWh_sold,International,2025/26,144.13839687781447
avg_price_c_per_kWh_sold,Average prices c/kWh,2010/11,42.19723229640982
avg_price_c_per_kWh_sold,Average prices c/kWh,2011/12,50.26981337722712
avg_price_c_per_kWh_sold,Average prices c/kWh,2012/13,58.488370482219786
avg_price_c_per_kWh_sold,Average prices c/kWh,2013/14,62.81189336539653
avg_price_c_per_kWh_sold,Average prices c/kWh,2014/15,67.63087564848294
avg_price_c_per_kWh_sold,Average prices c/kWh,2015/16,75.38358968142592
avg_price_c_per_kWh_sold,Average prices c/kWh,2016/17,81.77338981230238
avg_price_c_per_kWh_sold,Average prices c/kWh,2017/18,82.49257740704086
avg_price_c_per_kWh_sold,Average prices c/kWh,2018/19,85.11561595437766
avg_price_c_per_kWh_sold,Average prices c/kWh,2019/20,95.95010576993216
avg_price_c_per_kWh_sold,Average prices c/kWh,2020/21,105.62464816629485
avg_price_c_per_kWh_sold,Average prices c/kWh,2021/22,122.74852355999819
avg_price_c_per_kWh_sold,Average prices c/kWh,2022/23,136.8554307036587
avg_price_c_per_kWh_sold,Average prices c/kWh,2023/24,160.4164507312709
avg_price_c_per_kWh_sold,Average prices c/kWh,2024/25,178.6293701870622
avg_price_c_per_kWh_sold,Average prices c/kWh,2025/26,198.323335130763
avg_price_c_per_kWh_sold,NPA,2010/11,20.168378439104
avg_price_c_per_kWh_sold,NPA,2011/12,21.30233230071318
avg_price_c_per_kWh_sold,NPA,2012/13,23.177393443409734
avg_price_c_per_kWh_sold,NPA,2013/14,24.95391875473966
avg_price_c_per_kWh_sold,NPA,2014/15,28.445129138949504
avg_price_c_per_kWh_sold,NPA,2015/16,29.68539935063855
avg_price_c_per_kWh_sold,NPA,2016/17,31.506676281148838
avg_price_c_per_kWh_sold,NPA,2017/18,34.39307191140389
avg_price_c_per_kWh_sold,NPA,2018/19,35.792363552763774
avg_price_c_per_kWh_sold,NPA,2019/20,34.17539364173353
avg_price_c_per_kWh_sold,NPA,2020/21,37.56191446119518
avg_price_c_per_kWh_sold,NPA,2021/22,68.13020301299403
avg_price_c_per_kWh_sold,NPA,2022/23,69.27992375096167
avg_price_c_per_kWh_sold,NPA,2023/24,114.57484593317567
avg_price_c_per_kWh_sold,NPA,2024/25,112.64180576043763
avg_price_c_per_kWh_sold,NPA,2025/26,101.90170568507335
avg_price_c_per_kWh_sold,Industrial (Excl NPA),2010/11,37.64160440663213
avg_price_c_per_kWh_sold,Industrial (Excl NPA),2011/12,44.444749166072484
avg_price_c_per_kWh_sold,Industrial (Excl NPA),2012/13,51.09480431635781
avg_price_c_per_kWh_sold,Industrial (Excl NPA),2013/14,58.723480819479
avg_price_c_per_kWh_sold,Industrial (Excl NPA),2014/15,63.25817722130365
avg_price_c_per_kWh_sold,Industrial (Excl NPA),2015/16,70.52197572740383
avg_price_c_per_kWh_sold,Industrial (Excl NPA),2016/17,76.86898861564238
avg_price_c_per_kWh_sold,Industrial (Excl NPA),2017/18,79.07897428171597
avg_price_c_per_kWh_sold,Industrial (Excl NPA),2018/19,83.5644834306099
avg_price_c_per_kWh_sold,Industrial (Excl NPA),2019/20,96.04105043309148
avg_price_c_per_kWh_sold,Industrial (Excl NPA),2020/21,106.42288466711996
avg_price_c_per_kWh_sold,Industrial (Excl NPA),2021/22,117.22551610840864
avg_price_c_per_kWh_sold,Industrial (Excl NPA),2022/23,134.57601576471362
avg_price_c_per_kWh_sold,Industrial (Excl NPA),2023/24,160.57406625608974
avg_price_c_per_kWh_sold,Industrial (Excl NPA),2024/25,184.79914645835277
avg_price_c_per_kWh_sold,Industrial (Excl NPA),2025/26,212.02802046623225
avg_price_c_per_kWh_sold,Average standard tariff price (Excld NPA and Int'l),2010/11,43.93590292009666
avg_price_c_per_kWh_sold,Average standard tariff price (Excld NPA and Int'l),2011/12,52.50247473709616
avg_price_c_per_kWh_sold,Average standard tariff price (Excld NPA and Int'l),2012/13,61.247052089058144
avg_price_c_per_kWh_sold,Average standard tariff price (Excld NPA and Int'l),2013/14,65.48252187543277
avg_price_c_per_kWh_sold,Average standard tariff price (Excld NPA and Int'l),2014/15,70.09750646069722
avg_price_c_per_kWh_sold,Average standard tariff price (Excld NPA and Int'l),2015/16,78.29720632896736
avg_price_c_per_kWh_sold,Average standard tariff price (Excld NPA and Int'l),2016/17,84.70066735786102
avg_price_c_per_kWh_sold,Average standard tariff price (Excld NPA and Int'l),2017/18,86.07253770689796
avg_price_c_per_kWh_sold,Average standard tariff price (Excld NPA and Int'l),2018/19,88.4980720436732
avg_price_c_per_kWh_sold,Average standard tariff price (Excld NPA and Int'l),2019/20,100.0761136411002
avg_price_c_per_kWh_sold,Average standard tariff price (Excld NPA and Int'l),2020/21,111.3415968533273
avg_price_c_per_kWh_sold,Average standard tariff price (Excld NPA and Int'l),2021/22,128.19208526654845
avg_price_c_per_kWh_sold,Average standard tariff price (Excld NPA and Int'l),2022/23,143.54516739046636
avg_price_c_per_kWh_sold,Average standard tariff price (Excld NPA and Int'l),2023/24,169.39536385901587
avg_price_c_per_kWh_sold,Average standard tariff price (Excld NPA and Int'l),2024/25,190.34017693353294
avg_price_c_per_kWh_sold,Average standard tariff price (Excld NPA and Int'l),2025/26,211.93889431130683
avg_price_adjustment_frac,Local-authorities,2010/11,0.28174468017966775
avg_price_adjustment_frac,Local-authorities,2011/12,0.21506372351446995
avg_price_adjustment_frac,Local-authorities,2012/13,0.13675705653825782
avg_price_adjustment_frac,Local-authorities,2013/14,0.11134741708259284
avg_price_adjustment_frac,Local-authorities,2014/15,0.08656861613877305
avg_price_adjustment_frac,Local-authorities,2015/16,0.12415964328324064
avg_price_adjustment_frac,Local-authorities,2016/17,0.09804283942260536
avg_price_adjustment_frac,Local-authorities,2017/18,0.028623646581257316
avg_price_adjustment_frac,Local-authorities,2018/19,0.05765151101200378
avg_price_adjustment_frac,Local-authorities,2019/20,0.12523758648317615
avg_price_adjustment_frac,Local-authorities,2020/21,0.0985797664537884
avg_price_adjustment_frac,Local-authorities,2021/22,0.14714606567723673
avg_price_adjustment_frac,Local-authorities,2022/23,0.11658412070337164
avg_price_adjustment_frac,Local-authorities,2023/24,0.16519909288578644
avg_price_adjustment_frac,Local-authorities,2024/25,0.1261389286125859
avg_price_adjustment_frac,Local-authorities,2025/26,0.1211549275930135
avg_price_adjustment_frac,Residential,2010/11,0.03857029114709868
avg_price_adjustment_frac,Residential,2011/12,0.1663823685632003
avg_price_adjustment_frac,Residential,2012/13,0.12310235576466302
avg_price_adjustment_frac,Residential,2013/14,0.06165175471448831
avg_price_adjustment_frac,Residential,2014/15,0.0610991036348767
avg_price_adjustment_frac,Residential,2015/16,0.1025562136172074
avg_price_adjustment_frac,Residential,2016/17,0.09702314452411714
avg_price_adjustment_frac,Residential,2017/18,-0.0003887303385989572
avg_price_adjustment_frac,Residential,2018/19,0.0605111757839086
avg_price_adjustment_frac,Residential,2019/20,0.13170585385361605
avg_price_adjustment_frac,Residential,2020/21,0.08629814589483743
avg_price_adjustment_frac,Residential,2021/22,0.14876863958129072
avg_price_adjustment_frac,Residential,2022/23,0.10780535735577666
avg_price_adjustment_frac,Residential,2023/24,0.14733980325094242
avg_price_adjustment_frac,Residential,2024/25,0.11886087060915126
avg_price_adjustment_frac,Residential,2025/26,0.08424600296874399
avg_price_adjustment_frac,Commercial,2010/11,0.2844750088582208
avg_price_adjustment_frac,Commercial,2011/12,0.21449554581568478
avg_price_adjustment_frac,Commercial,2012/13,0.14592826339326667
avg_price_adjustment_frac,Commercial,2013/14,0.1286442714413839
avg_price_adjustment_frac,Commercial,2014/15,0.07861787702668398
avg_price_adjustment_frac,Commercial,2015/16,0.12229922484972189
avg_price_adjustment_frac,Commercial,2016/17,0.09016604508938833
avg_price_adjustment_frac,Commercial,2017/18,0.019814976575002176
avg_price_adjustment_frac,Commercial,2018/19,0.0543890969206143
avg_price_adjustment_frac,Commercial,2019/20,0.1436082529556107
avg_price_adjustment_frac,Commercial,2020/21,0.09969755772762148
avg_price_adjustment_frac,Commercial,2021/22,0.14827034361981017
avg_price_adjustment_frac,Commercial,2022/23,0.10950318979868523
avg_price_adjustment_frac,Commercial,2023/24,0.17960113240225475
avg_price_adjustment_frac,Commercial,2024/25,0.11381470506770353
avg_price_adjustment_frac,Commercial,2025/26,0.08840894594783
avg_price_adjustment_frac,Industrial,2010/11,0.2701893588426886
avg_price_adjustment_frac,Industrial,2011/12,0.1683401953085399
avg_price_adjustment_frac,Industrial,2012/13,0.13564287467533398
avg_price_adjustment_frac,Industrial,2013/14,0.1366535314951446
avg_price_adjustment_frac,Industrial,2014/15,0.097108655745264
avg_price_adjustment_frac,Industrial,2015/16,0.1024669704879503
avg_price_adjustment_frac,Industrial,2016/17,0.0810212019499466
avg_price_adjustment_frac,Industrial,2017/18,0.034028511416168326
avg_price_adjustment_frac,Industrial,2018/19,0.056810727297677034
avg_price_adjustment_frac,Industrial,2019/20,0.11893877957221516
avg_price_adjustment_frac,Industrial,2020/21,0.08740267184562472
avg_price_adjustment_frac,Industrial,2021/22,0.18026590686394942
avg_price_adjustment_frac,Industrial,2022/23,0.12313983580149011
avg_price_adjustment_frac,Industrial,2023/24,0.1625432787793616
avg_price_adjustment_frac,Industrial,2024/25,0.060757586871539385
avg_price_adjustment_frac,Industrial,2025/26,0.11151203802821912
avg_price_adjustment_frac,Mining,2010/11,0.31495017948831794
avg_price_adjustment_frac,Mining,2011/12,0.20928061398258985
avg_price_adjustment_frac,Mining,2012/13,0.15882116834577345
avg_price_adjustment_frac,Mining,2013/14,0.16001031289683576
avg_price_adjustment_frac,Mining,2014/15,0.07519534786194135
avg_price_adjustment_frac,Mining,2015/16,0.12216655486813222
avg_price_adjustment_frac,Mining,2016/17,0.087020808426451
avg_price_adjustment_frac,Mining,2017/18,0.02483449138415096
avg_price_adjustment_frac,Mining,2018/19,0.05443603838923125
avg_price_adjustment_frac,Mining,2019/20,0.13931658685388462
avg_price_adjustment_frac,Mining,2020/21,0.08968779769444395
avg_price_adjustment_frac,Mining,2021/22,0.14863293347982975
avg_price_adjustment_frac,Mining,2022/23,0.09818092082934242
avg_price_adjustment_frac,Mining,2023/24,0.1895506178109983
avg_price_adjustment_frac,Mining,2024/25,0.13462204290160562
avg_price_adjustment_frac,Mining,2025/26,0.1374709725941018
avg_price_adjustment_frac,Agriculture,2010/11,0.23330176344939663
avg_price_adjustment_frac,Agriculture,2011/12,0.19936429817470744
avg_price_adjustment_frac,Agriculture,2012/13,0.14371601561261402
avg_price_adjustment_frac,Agriculture,2013/14,0.09018820813272749
avg_price_adjustment_frac,Agriculture,2014/15,0.06361489662790866
avg_price_adjustment_frac,Agriculture,2015/16,0.10827867531656778
avg_price_adjustment_frac,Agriculture,2016/17,0.10542699397515365
avg_price_adjustment_frac,Agriculture,2017/18,0.0075861187750523515
avg_price_adjustment_frac,Agriculture,2018/19,0.04913858025960912
avg_price_adjustment_frac,Agriculture,2019/20,0.13837078806447098
avg_price_adjustment_frac,Agriculture,2020/21,0.10200784544739241
avg_price_adjustment_frac,Agriculture,2021/22,0.14697634716615693
avg_price_adjustment_frac,Agriculture,2022/23,0.13058263971462536
avg_price_adjustment_frac,Agriculture,2023/24,0.15801454570602014
avg_price_adjustment_frac,Agriculture,2024/25,0.09216929324825202
avg_price_adjustment_frac,Agriculture,2025/26,0.13204667904767983
avg_price_adjustment_frac,Traction,2010/11,0.2701083187841542
avg_price_adjustment_frac,Traction,2011/12,0.1583036749973639
avg_price_adjustment_frac,Traction,2012/13,0.22083931375602475
avg_price_adjustment_frac,Traction,2013/14,0.12650765192027244
avg_price_adjustment_frac,Traction,2014/15,0.08133278560273376
avg_price_adjustment_frac,Traction,2015/16,0.15501089920173566
avg_price_adjustment_frac,Traction,2016/17,0.08644227700489038
avg_price_adjustment_frac,Traction,2017/18,-0.0462491447561334
avg_price_adjustment_frac,Traction,2018/19,0.10068190269112166
avg_price_adjustment_frac,Traction,2019/20,0.1600627666658447
avg_price_adjustment_frac,Traction,2020/21,0.20625622495505097
avg_price_adjustment_frac,Traction,2021/22,0.05983072604251641
avg_price_adjustment_frac,Traction,2022/23,0.23798665985244583
avg_price_adjustment_frac,Traction,2023/24,0.1511256657845328
avg_price_adjustment_frac,Traction,2024/25,0.11229754572779879
avg_price_adjustment_frac,Traction,2025/26,0.024623926436886365
avg_price_adjustment_frac,International,2010/11,0.3814208636807557
avg_price_adjustment_frac,International,2011/12,0.18320651633486373
avg_price_adjustment_frac,International,2012/13,0.16330331172036958
avg_price_adjustment_frac,International,2013/14,0.11320866401496112
avg_price_adjustment_frac,International,2014/15,0.10491574656021746
avg_price_adjustment_frac,International,2015/16,0.13837792804617668
avg_price_adjustment_frac,International,2016/17,0.18309008459572176
avg_price_adjustment_frac,International,2017/18,-0.11807074765837561
avg_price_adjustment_frac,International,2018/19,0.05953734518434119
avg_price_adjustment_frac,International,2019/20,0.2174040571787031
avg_price_adjustment_frac,International,2020/21,-0.04451506664031669
avg_price_adjustment_frac,International,2021/22,0.11926661996388095
avg_price_adjustment_frac,International,2022/23,0.08645541380480803
avg_price_adjustment_frac,International,2023/24,0.1819422538285483
avg_price_adjustment_frac,International,2024/25,0.34499958088359234
avg_price_adjustment_frac,International,2025/26,-0.030762489737448447
avg_price_adjustment_frac,Average prices adjustment %,2010/11,0.32083730058488996
avg_price_adjustment_frac,Average prices adjustment %,2011/12,0.19130593741580826
avg_price_adjustment_frac,Average prices adjustment %,2012/13,0.16348891218911457
avg_price_adjustment_frac,Average prices adjustment %,2013/14,0.07392106922334372
avg_price_adjustment_frac,Average prices adjustment %,2014/15,0.07672085690926204
avg_price_adjustment_frac,Average prices adjustment %,2015/16,0.11463276142154874
avg_price_adjustment_frac,Average prices adjustment %,2016/17,0.08476380811632901
avg_price_adjustment_frac,Average prices adjustment %,2017/18,0.008794885431425195
avg_price_adjustment_frac,Average prices adjustment %,2018/19,0.03179726746073186
avg_price_adjustment_frac,Average prices adjustment %,2019/20,0.12729144580662893
avg_price_adjustment_frac,Average prices adjustment %,2020/21,0.10082888725063176
avg_price_adjustment_frac,Average prices adjustment %,2021/22,0.162120070371677
avg_price_adjustment_frac,Average prices adjustment %,2022/23,0.11492526944134851
avg_price_adjustment_frac,Average prices adjustment %,2023/24,0.1721599201907472
avg_price_adjustment_frac,Average prices adjustment %,2024/25,0.11353523515054886
avg_price_adjustment_frac,Average prices adjustment %,2025/26,0.11025043039158193
avg_price_adjustment_frac,NPA,2010/11,0.09973219597711963
avg_price_adjustment_frac,NPA,2011/12,0.05622434471036015
avg_price_adjustment_frac,NPA,2012/13,0.08802140142343853
avg_price_adjustment_frac,NPA,2013/14,0.07664905528171306
avg_price_adjustment_frac,NPA,2014/15,0.13990629762496662
avg_price_adjustment_frac,NPA,2015/16,0.04360220006843855
avg_price_adjustment_frac,NPA,2016/17,0.06135261678637683
avg_price_adjustment_frac,NPA,2017/18,0.09161219052426818
avg_price_adjustment_frac,NPA,2018/19,0.04068527652791368
avg_price_adjustment_frac,NPA,2019/20,-0.04517639380385061
avg_price_adjustment_frac,NPA,2020/21,0.09909237198444956
avg_price_adjustment_frac,NPA,2021/22,0.8138107173258868
avg_price_adjustment_frac,NPA,2022/23,0.016875345839617743
avg_price_adjustment_frac,NPA,2023/24,0.6537957857031454
avg_price_adjustment_frac,NPA,2024/25,-0.016871418477537845
avg_price_adjustment_frac,NPA,2025/26,-0.09534737127888311
avg_price_adjustment_frac,Industrial (Excl NPA),2010/11,0.2873347245873521
avg_price_adjustment_frac,Industrial (Excl NPA),2011/12,0.1807347180515423
avg_price_adjustment_frac,Industrial (Excl NPA),2012/13,0.14962521501553974
avg_price_adjustment_frac,Industrial (Excl NPA),2013/14,0.14930434914453522
avg_price_adjustment_frac,Industrial (Excl NPA),2014/15,0.07722117862469173
avg_price_adjustment_frac,Industrial (Excl NPA),2015/16,0.11482781871327662
avg_price_adjustment_frac,Industrial (Excl NPA),2016/17,0.09000049733110631
avg_price_adjustment_frac,Industrial (Excl NPA),2017/18,0.028750029184381302
avg_price_adjustment_frac,Industrial (Excl NPA),2018/19,0.056721893393741576
avg_price_adjustment_frac,Industrial (Excl NPA),2019/20,0.14930466258242178
avg_price_adjustment_frac,Industrial (Excl NPA),2020/21,0.10809788301161016
avg_price_adjustment_frac,Industrial (Excl NPA),2021/22,0.10150665878939687
avg_price_adjustment_frac,Industrial (Excl NPA),2022/23,0.14800958214813453
avg_price_adjustment_frac,Industrial (Excl NPA),2023/24,0.19318487282927063
avg_price_adjustment_frac,Industrial (Excl NPA),2024/25,0.15086545895666573
avg_price_adjustment_frac,Industrial (Excl NPA),2025/26,0.14734307235567193
avg_price_adjustment_frac,Average standard tariff increase(Excld NPA and Int'l),2010/11,0.31601456979955994
avg_price_adjustment_frac,Average standard tariff increase(Excld NPA and Int'l),2011/12,0.1949788498162644
avg_price_adjustment_frac,Average standard tariff increase(Excld NPA and Int'l),2012/13,0.1665555270632494
avg_price_adjustment_frac,Average standard tariff increase(Excld NPA and Int'l),2013/14,0.06915385544133469
avg_price_adjustment_frac,Average standard tariff increase(Excld NPA and Int'l),2014/15,0.0704765860124252
avg_price_adjustment_frac,Average standard tariff increase(Excld NPA and Int'l),2015/16,0.11697562841079963
avg_price_adjustment_frac,Average standard tariff increase(Excld NPA and Int'l),2016/17,0.08178402945808032
avg_price_adjustment_frac,Average standard tariff increase(Excld NPA and Int'l),2017/18,0.01619668878452605
avg_price_adjustment_frac,Average standard tariff increase(Excld NPA and Int'l),2018/19,0.028180118785795457
avg_price_adjustment_frac,Average standard tariff increase(Excld NPA and Int'l),2019/20,0.1308281788524536
avg_price_adjustment_frac,Average standard tariff increase(Excld NPA and Int'l),2020/21,0.11256915164220047
avg_price_adjustment_frac,Average standard tariff increase(Excld NPA and Int'l),2021/22,0.15134045935607207
avg_price_adjustment_frac,Average standard tariff increase(Excld NPA and Int'l),2022/23,0.1197662249739866
avg_price_adjustment_frac,Average standard tariff increase(Excld NPA and Int'l),2023/24,0.18008405952276155
avg_price_adjustment_frac,Average standard tariff increase(Excld NPA and Int'l),2024/25,0.12364454727314138
avg_price_adjustment_frac,Average standard tariff increase(Excld NPA and Int'l),2025/26,0.11347429494780906
avg_price_adjustment_frac,Nersa Standard tariff average increase,2010/11,0.248
avg_price_adjustment_frac,Nersa Standard tariff average increase,2011/12,0.258
avg_price_adjustment_frac,Nersa Standard tariff average increase,2012/13,0.16
avg_price_adjustment_frac,Nersa Standard tariff average increase,2013/14,0.08
avg_price_adjustment_frac,Nersa Standard tariff average increase,2014/15,0.08
avg_price_adjustment_frac,Nersa Standard tariff average increase,2015/16,0.1269
avg_price_adjustment_frac,Nersa Standard tariff average increase,2016/17,0.094
avg_price_adjustment_frac,Nersa Standard tariff average increase,2017/18,0.022
avg_price_adjustment_frac,Nersa Standard tariff average increase,2018/19,0.0523
avg_price_adjustment_frac,Nersa Standard tariff average increase,2019/20,0.1387
avg_price_adjustment_frac,Nersa Standard tariff average increase,2020/21,0.0876
avg_price_adjustment_frac,Nersa Standard tariff average increase,2021/22,0.1506
avg_price_adjustment_frac,Nersa Standard tariff average increase,2022/23,0.0961
avg_price_adjustment_frac,Nersa Standard tariff average increase,2023/24,0.1865
avg_price_adjustment_frac,Nersa Standard tariff average increase,2024/25,0.1274
avg_price_adjustment_frac,Nersa Standard tariff average increase,2025/26,0.1274
tariff_increase_frac,1 April non-municipal increase Urban,2010/11,0.2348
tariff_increase_frac,1 April non-municipal increase Urban,2011/12,0.2841
tariff_increase_frac,1 April non-municipal increase Urban,2012/13,0.1511
tariff_increase_frac,1 April non-municipal increase Urban,2013/14,0.096
tariff_increase_frac,1 April non-municipal increase Urban,2014/15,0.08
tariff_increase_frac,1 April non-municipal increase Urban,2015/16,0.1269
tariff_increase_frac,1 April non-municipal increase Urban,2016/17,0.094
tariff_increase_frac,1 April non-municipal increase Urban,2017/18,0.022
tariff_increase_frac,1 April non-municipal increase Urban,2018/19,0.0523
tariff_increase_frac,1 April non-municipal increase Urban,2019/20,0.1387
tariff_increase_frac,1 April non-municipal increase Urban,2020/21,0.0876
tariff_increase_frac,1 April non-municipal increase Urban,2021/22,0.1506
tariff_increase_frac,1 April non-municipal increase Urban,2022/23,0.0961
tariff_increase_frac,1 April non-municipal increase Urban,2023/24,0.1865
tariff_increase_frac,1 April non-municipal increase Urban,2024/25,0.1274
tariff_increase_frac,1 April non-municipal increase Urban,2025/26,0.1274
tariff_increase_frac,Rural,2010/11,0.1868
tariff_increase_frac,Rural,2011/12,0.2652
tariff_increase_frac,Rural,2012/13,0.1495
tariff_increase_frac,Rural,2013/14,0.093
tariff_increase_frac,Rural,2014/15,0.08
tariff_increase_frac,Rural,2015/16,0.1269
tariff_increase_frac,Rural,2016/17,0.094
tariff_increase_frac,Rural,2017/18,0.022
tariff_increase_frac,Rural,2018/19,0.0523
tariff_increase_frac,Rural,2019/20,0.1387
tariff_increase_frac,Rural,2020/21,0.0876
tariff_increase_frac,Rural,2021/22,0.1506
tariff_increase_frac,Rural,2022/23,0.0961
tariff_increase_frac,Rural,2023/24,0.1865
tariff_increase_frac,Rural,2024/25,0.1274
tariff_increase_frac,Rural,2025/26,0.1274
tariff_increase_frac,Residential Homepower,2010/11,0.07
tariff_increase_frac,Residential Homepower,2011/12,0.143
tariff_increase_frac,Residential Homepower,2012/13,0.1162
tariff_increase_frac,Residential Homepower,2013/14,0.073
tariff_increase_frac,Residential Homepower,2014/15,0.08
tariff_increase_frac,Residential Homepower,2015/16,0.1269
tariff_increase_frac,Residential Homepower,2016/17,0.094
tariff_increase_frac,Residential Homepower,2017/18,0.022
tariff_increase_frac,Residential Homepower,2018/19,0.0523
tariff_increase_frac,Residential Homepower,2019/20,0.1387
tariff_increase_frac,Residential Homepower,2020/21,0.0876
tariff_increase_frac,Residential Homepower,2021/22,0.1506
tariff_increase_frac,Residential Homepower,2022/23,0.0961
tariff_increase_frac,Residential Homepower,2023/24,0.1865
tariff_increase_frac,Residential Homepower,2024/25,0.1274
tariff_increase_frac,Residential Homepower,2025/26,0.1274
tariff_increase_frac,Residential Homelight 20A,2010/11,-0.0905
tariff_increase_frac,Residential Homelight 20A,2011/12,0.143
tariff_increase_frac,Residential Homelight 20A,2012/13,0.1162
tariff_increase_frac,Residential Homelight 20A,2013/14,-0.004
tariff_increase_frac,Residential Homelight 20A,2014/15,0.0585
tariff_increase_frac,Residential Homelight 20A,2015/16,0.1057
tariff_increase_frac,Residential Homelight 20A,2016/17,0.08125
tariff_increase_frac,Residential Homelight 20A,2017/18,0.022
tariff_increase_frac,Residential Homelight 20A,2018/19,0.0523
tariff_increase_frac,Residential Homelight 20A,2019/20,0.1387
tariff_increase_frac,Residential Homelight 20A,2020/21,0.0876
tariff_increase_frac,Residential Homelight 20A,2021/22,0.1506
tariff_increase_frac,Residential Homelight 20A,2022/23,0.0961
tariff_increase_frac,Residential Homelight 20A,2023/24,0.1
tariff_increase_frac,Residential Homelight 20A,2024/25,0.1274
tariff_increase_frac,Residential Homelight 20A,2025/26,0.1274
tariff_increase_frac,Residential Homelight 60A,2010/11,-0.0905
tariff_increase_frac,Residential Homelight 60A,2011/12,0.143
tariff_increase_frac,Residential Homelight 60A,2012/13,0.1162
tariff_increase_frac,Residential Homelight 60A,2013/14,0.042
tariff_increase_frac,Residential Homelight 60A,2014/15,0.08
tariff_increase_frac,Residential Homelight 60A,2015/16,0.1269
tariff_increase_frac,Residential Homelight 60A,2016/17,0.094
tariff_increase_frac,Residential Homelight 60A,2017/18,0.022
tariff_increase_frac,Residential Homelight 60A,2018/19,0.0523
tariff_increase_frac,Residential Homelight 60A,2019/20,0.1387
tariff_increase_frac,Residential Homelight 60A,2020/21,0.0876
tariff_increase_frac,Residential Homelight 60A,2021/22,0.1506
tariff_increase_frac,Residential Homelight 60A,2022/23,0.0961
tariff_increase_frac,Residential Homelight 60A,2023/24,0.1865
tariff_increase_frac,Residential Homelight 60A,2024/25,0.1274
tariff_increase_frac,Residential Homelight 60A,2025/26,0.1274
tariff_increase_frac,Affordability subsidy charge,2014/15,0.08
tariff_increase_frac,Affordability subsidy charge,2015/16,0.0897
tariff_increase_frac,Affordability subsidy charge,2016/17,0.0861
tariff_increase_frac,Affordability subsidy charge,2017/18,0.082
tariff_increase_frac,Affordability subsidy charge,2018/19,0.1541
tariff_increase_frac,Affordability subsidy charge,2019/20,0.1541
tariff_increase_frac,Affordability subsidy charge,2020/21,0.1361
tariff_increase_frac,Affordability subsidy charge,2021/22,0.1475
tariff_increase_frac,Affordability subsidy charge,2022/23,0.1426
tariff_increase_frac,Affordability subsidy charge,2023/24,0.2953
tariff_increase_frac,Affordability subsidy charge,2024/25,0.2524
tariff_increase_frac,Affordability subsidy charge,2025/26,0.1274
tariff_increase_frac,1 July municipal increase,2010/11,0.2893
tariff_increase_frac,1 July municipal increase,2011/12,0.2656
tariff_increase_frac,1 July municipal increase,2012/13,0.1098
tariff_increase_frac,1 July municipal increase,2013/14,0.073
tariff_increase_frac,1 July municipal increase,2014/15,0.0806
tariff_increase_frac,1 July municipal increase,2015/16,0.1424
tariff_increase_frac,1 July municipal increase,2016/17,0.0786
tariff_increase_frac,1 July municipal increase,2017/18,0.0031
tariff_increase_frac,1 July municipal increase,2018/19,0.0732
tariff_increase_frac,1 July municipal increase,2019/20,0.1563
tariff_increase_frac,1 July municipal increase,2020/21,0.069
tariff_increase_frac,1 July municipal increase,2021/22,0.178
tariff_increase_frac,1 July municipal increase,2022/23,0.0861
tariff_increase_frac,1 July municipal increase,2023/24,0.1849
tariff_increase_frac,1 July municipal increase,2024/25,0.1272
tariff_increase_frac,1 July municipal increase,2025/26,0.1132
tariff_increase_frac,Eskom Standard tariff average increase application to NERSA,2010/11,0.35
tariff_increase_frac,Eskom Standard tariff average increase application to NERSA,2011/12,0.35
tariff_increase_frac,Eskom Standard tariff average increase application to NERSA,2012/13,0.35
tariff_increase_frac,Eskom Standard tariff average increase application to NERSA,2013/14,0.16
tariff_increase_frac,Eskom Standard tariff average increase application to NERSA,2014/15,0.16
tariff_increase_frac,Eskom Standard tariff average increase application to NERSA,2015/16,0.16
tariff_increase_frac,Eskom Standard tariff average increase application to NERSA,2016/17,0.16
tariff_increase_frac,Eskom Standard tariff average increase application to NERSA,2017/18,0.16
tariff_increase_frac,Eskom Standard tariff average increase application to NERSA,2018/19,0.199
tariff_increase_frac,Eskom Standard tariff average increase application to NERSA,2019/20,0.15
tariff_increase_frac,Eskom Standard tariff average increase application to NERSA,2020/21,0.15
tariff_increase_frac,Eskom Standard tariff average increase application to NERSA,2021/22,0.15
tariff_increase_frac,Eskom Standard tariff average increase application to NERSA,2022/23,0.205
tariff_increase_frac,Eskom Standard tariff average increase application to NERSA,2023/24,0.3217
tariff_increase_frac,Eskom Standard tariff average increase application to NERSA,2024/25,0.2252
tariff_increase_frac,Eskom Standard tariff average increase application to NERSA,2025/26,0.3615
