Country,ISO3 Code,Date,Price (EUR/MWhe)
Austria,AUT,2015-01-01,29.94
Belgium,BEL,2015-01-01,42.33
Czechia,CZE,2015-01-01,29.47
Denmark,DNK,2015-01-01,27.12
Estonia,EST,2015-01-01,33.84
Finland,FIN,2015-01-01,33.81
France,FRA,2015-01-01,40.94
Germany,DEU,2015-01-01,29.94
Greece,GRC,2015-01-01,61.41
Hungary,HUN,2015-01-01,42.16
Italy,ITA,2015-01-01,50.84
Latvia,LVA,2015-01-01,39.78
Lithuania,LTU,2015-01-01,39.61
Luxembourg,LUX,2015-01-01,29.94
Netherlands,NLD,2015-01-01,40.51
Norway,NOR,2015-01-01,29.19
Poland,POL,2015-01-01,33.53
Portugal,PRT,2015-01-01,51.77
Romania,ROU,2015-01-01,39.8
Slovakia,SVK,2015-01-01,31.26
Slovenia,SVN,2015-01-01,42.23
Spain,ESP,2015-01-01,51.48
Sweden,SWE,2015-01-01,30.24
Switzerland,CHE,2015-01-01,44.0
Austria,AUT,2026-06-01,108.1
Belgium,BEL,2026-06-01,112.36
Bulgaria,BGR,2026-06-01,98.11
Croatia,HRV,2026-06-01,110.96
Czechia,CZE,2026-06-01,108.23
Denmark,DNK,2026-06-01,108.63
Estonia,EST,2026-06-01,64.08
Finland,FIN,2026-06-01,45.07
France,FRA,2026-06-01,66.25
Germany,DEU,2026-06-01,111.13
Greece,GRC,2026-06-01,91.24
Hungary,HUN,2026-06-01,119.23
Ireland,IRL,2026-06-01,135.69
Italy,ITA,2026-06-01,132.27
Latvia,LVA,2026-06-01,92.34
Lithuania,LTU,2026-06-01,93.87
Luxembourg,LUX,2026-06-01,111.13
Netherlands,NLD,2026-06-01,107.02
Norway,NOR,2026-06-01,67.12
Poland,POL,2026-06-01,114.52
Portugal,PRT,2026-06-01,70.24
Romania,ROU,2026-06-01,117.39
Serbia,SRB,2026-06-01,101.05
Slovakia,SVK,2026-06-01,111.42
Slovenia,SVN,2026-06-01,324.79
Spain,ESP,2026-06-01,69.58
Sweden,SWE,2026-06-01,68.37
Switzerland,CHE,2026-06-01,102.15
United Kingdom,GBR,2026-06-01,115.23
Albania,ALB,2026-07-01,112.24
Austria,AUT,2026-07-01,117.3
Belgium,BEL,2026-07-01,110.15
Bulgaria,BGR,2026-07-01,112.59
Croatia,HRV,2026-07-01,119.63
Czechia,CZE,2026-07-01,110.93
Denmark,DNK,2026-07-01,102.69
Estonia,EST,2026-07-01,43.58
Finland,FIN,2026-07-01,15.35
France,FRA,2026-07-01,96.61
Germany,DEU,2026-07-01,106.79
Greece,GRC,2026-07-01,110.7
Hungary,HUN,2026-07-01,123.18
Ireland,IRL,2026-07-01,155.29
Italy,ITA,2026-07-01,156.77
Latvia,LVA,2026-07-01,74.39
Lithuania,LTU,2026-07-01,75.29
Luxembourg,LUX,2026-07-01,106.79
Montenegro,MNE,2026-07-01,117.18
Netherlands,NLD,2026-07-01,106.85
North Macedonia,MKD,2026-07-01,105.48
Norway,NOR,2026-07-01,92.22
Poland,POL,2026-07-01,112.99
Portugal,PRT,2026-07-01,107.02
Romania,ROU,2026-07-01,121.1
Serbia,SRB,2026-07-01,109.28
Slovakia,SVK,2026-07-01,119.47
Slovenia,SVN,2026-07-01,122.03
Spain,ESP,2026-07-01,104.79
Sweden,SWE,2026-07-01,45.88
Switzerland,CHE,2026-07-01,116.64
United Kingdom,GBR,2026-07-01,125.37
Albania,ALB,2026-08-01,146.1
Austria,AUT,2026-08-01,146.89
Belgium,BEL,2026-08-01,131.67
Bulgaria,BGR,2026-08-01,142.69
Croatia,HRV,2026-08-01,151.87
Czechia,CZE,2026-08-01,139.38
Denmark,DNK,2026-08-01,127.57
Estonia,EST,2026-08-01,58.1
Finland,FIN,2026-08-01,40.94
France,FRA,2026-08-01,125.66
Germany,DEU,2026-08-01,126.14
Greece,GRC,2026-08-01,132.3
Hungary,HUN,2026-08-01,152.13
Ireland,IRL,2026-08-01,172.36
Italy,ITA,2026-08-01,180.09
Latvia,LVA,2026-08-01,80.1
Lithuania,LTU,2026-08-01,80.16
Luxembourg,LUX,2026-08-01,126.14
Montenegro,MNE,2026-08-01,150.32
Netherlands,NLD,2026-08-01,127.53
North Macedonia,MKD,2026-08-01,135.88
Norway,NOR,2026-08-01,114.43
Poland,POL,2026-08-01,134.38
Portugal,PRT,2026-08-01,122.37
Romania,ROU,2026-08-01,151.1
Serbia,SRB,2026-08-01,138.23
Slovakia,SVK,2026-08-01,150.71
Slovenia,SVN,2026-08-01,152.32
Spain,ESP,2026-08-01,119.03
Sweden,SWE,2026-08-01,57.26
Switzerland,CHE,2026-08-01,140.22
United Kingdom,GBR,2026-08-01,149.45
Albania,ALB,2026-09-01,170.93
Austria,AUT,2026-09-01,174.45
Belgium,BEL,2026-09-01,155.83
Bulgaria,BGR,2026-09-01,167.46
Croatia,HRV,2026-09-01,173.65
Czechia,CZE,2026-09-01,151.14
Denmark,DNK,2026-09-01,141.46
Estonia,EST,2026-09-01,71.22
Finland,FIN,2026-09-01,53.78
France,FRA,2026-09-01,142.46
Germany,DEU,2026-09-01,145.12
Greece,GRC,2026-09-01,159.08
Hungary,HUN,2026-09-01,180.15
Ireland,IRL,2026-09-01,183.67
Italy,ITA,2026-09-01,207.21
Latvia,LVA,2026-09-01,105.97
Lithuania,LTU,2026-09-01,105.87
Luxembourg,LUX,2026-09-01,145.12
Montenegro,MNE,2026-09-01,160.97
Netherlands,NLD,2026-09-01,152.02
North Macedonia,MKD,2026-09-01,155.02
Norway,NOR,2026-09-01,119.64
Poland,POL,2026-09-01,151.08
Portugal,PRT,2026-09-01,143.53
Romania,ROU,2026-09-01,177.43
Serbia,SRB,2026-09-01,153.03
Slovakia,SVK,2026-09-01,164.74
Slovenia,SVN,2026-09-01,174.07
Spain,ESP,2026-09-01,143.02
Sweden,SWE,2026-09-01,71.69
Switzerland,CHE,2026-09-01,167.89
United Kingdom,GBR,2026-09-01,154.94
