Country,ISO3 Code,Datetime (UTC),Datetime (Local),Price (EUR/MWhe)
Austria,AUT,2015-01-01 00:00:00,2015-01-01 01:00:00,22.34
Belgium,BEL,2015-01-01 00:00:00,2015-01-01 01:00:00,36.56
Czechia,CZE,2015-01-01 00:00:00,2015-01-01 01:00:00,24.2
Denmark,DNK,2015-01-01 00:00:00,2015-01-01 01:00:00,18.29
Estonia,EST,2015-01-01 00:00:00,2015-01-01 02:00:00,23.37
Finland,FIN,2015-01-01 00:00:00,2015-01-01 02:00:00,23.37
France,FRA,2015-01-01 00:00:00,2015-01-01 01:00:00,36.56
Germany,DEU,2015-01-01 00:00:00,2015-01-01 01:00:00,22.34
Greece,GRC,2015-01-01 00:00:00,2015-01-01 02:00:00,48.78
Hungary,HUN,2015-01-01 00:00:00,2015-01-01 01:00:00,44.16
Italy,ITA,2015-01-01 00:00:00,2015-01-01 01:00:00,47.72
Latvia,LVA,2015-01-01 00:00:00,2015-01-01 02:00:00,29.59
Lithuania,LTU,2015-01-01 00:00:00,2015-01-01 02:00:00,28.07
Luxembourg,LUX,2015-01-01 00:00:00,2015-01-01 01:00:00,22.34
Netherlands,NLD,2015-01-01 00:00:00,2015-01-01 01:00:00,36.56
Norway,NOR,2015-01-01 00:00:00,2015-01-01 01:00:00,27.35
Poland,POL,2015-01-01 00:00:00,2015-01-01 01:00:00,20.42
Portugal,PRT,2015-01-01 00:00:00,2015-01-01 00:00:00,48.1
Romania,ROU,2015-01-01 00:00:00,2015-01-01 02:00:00,41.13
Slovakia,SVK,2015-01-01 00:00:00,2015-01-01 01:00:00,24.2
Slovenia,SVN,2015-01-01 00:00:00,2015-01-01 01:00:00,23.25
Spain,ESP,2015-01-01 00:00:00,2015-01-01 01:00:00,48.1
Sweden,SWE,2015-01-01 00:00:00,2015-01-01 01:00:00,23.37
Switzerland,CHE,2015-01-01 00:00:00,2015-01-01 01:00:00,43.43
Austria,AUT,2015-01-01 01:00:00,2015-01-01 02:00:00,22.34
Belgium,BEL,2015-01-01 01:00:00,2015-01-01 02:00:00,36.56
Czechia,CZE,2015-01-01 01:00:00,2015-01-01 02:00:00,22.06
Denmark,DNK,2015-01-01 01:00:00,2015-01-01 02:00:00,16.04
Estonia,EST,2015-01-01 01:00:00,2015-01-01 03:00:00,19.33
Finland,FIN,2015-01-01 01:00:00,2015-01-01 03:00:00,19.33
France,FRA,2015-01-01 01:00:00,2015-01-01 02:00:00,36.56
Germany,DEU,2015-01-01 01:00:00,2015-01-01 02:00:00,22.34
Greece,GRC,2015-01-01 01:00:00,2015-01-01 03:00:00,31.1
Hungary,HUN,2015-01-01 01:00:00,2015-01-01 02:00:00,39.17
Italy,ITA,2015-01-01 01:00:00,2015-01-01 02:00:00,47.72
Latvia,LVA,2015-01-01 01:00:00,2015-01-01 03:00:00,29.56
Lithuania,LTU,2015-01-01 01:00:00,2015-01-01 03:00:00,28.07
Luxembourg,LUX,2015-01-01 01:00:00,2015-01-01 02:00:00,22.34
Netherlands,NLD,2015-01-01 01:00:00,2015-01-01 02:00:00,36.56
