KEY,FREQ,CURRENCY,CURRENCY_DENOM,EXR_TYPE,EXR_SUFFIX,TIME_PERIOD,OBS_VALUE
EXR.D.CNY.EUR.SP00.A,D,CNY,EUR,SP00,A,2026-06-01,7.8786
EXR.D.CNY.EUR.SP00.A,D,CNY,EUR,SP00,A,2026-06-02,7.8778
EXR.D.CNY.EUR.SP00.A,D,CNY,EUR,SP00,A,2026-06-03,7.862
EXR.D.CNY.EUR.SP00.A,D,CNY,EUR,SP00,A,2026-06-04,7.8848
EXR.D.CNY.EUR.SP00.A,D,CNY,EUR,SP00,A,2026-06-05,7.8752
EXR.D.CNY.EUR.SP00.A,D,CNY,EUR,SP00,A,2026-06-08,7.8263
EXR.D.CNY.EUR.SP00.A,D,CNY,EUR,SP00,A,2026-06-09,7.8367
EXR.D.CNY.EUR.SP00.A,D,CNY,EUR,SP00,A,2026-06-10,7.8243
EXR.D.CNY.EUR.SP00.A,D,CNY,EUR,SP00,A,2026-06-11,7.8191
EXR.D.CNY.EUR.SP00.A,D,CNY,EUR,SP00,A,2026-06-12,7.822
EXR.D.CNY.EUR.SP00.A,D,CNY,EUR,SP00,A,2026-06-15,7.8429
EXR.D.CNY.EUR.SP00.A,D,CNY,EUR,SP00,A,2026-06-16,7.8334
EXR.D.CNY.EUR.SP00.A,D,CNY,EUR,SP00,A,2026-06-17,7.8349
EXR.D.CNY.EUR.SP00.A,D,CNY,EUR,SP00,A,2026-06-18,7.7609
EXR.D.CNY.EUR.SP00.A,D,CNY,EUR,SP00,A,2026-06-19,7.7624
EXR.D.CNY.EUR.SP00.A,D,CNY,EUR,SP00,A,2026-06-22,7.7612
EXR.D.CNY.EUR.SP00.A,D,CNY,EUR,SP00,A,2026-06-23,7.7303
EXR.D.CNY.EUR.SP00.A,D,CNY,EUR,SP00,A,2026-06-24,7.7236
EXR.D.CNY.EUR.SP00.A,D,CNY,EUR,SP00,A,2026-06-25,7.7105
EXR.D.CNY.EUR.SP00.A,D,CNY,EUR,SP00,A,2026-06-26,7.7506
EXR.D.CNY.EUR.SP00.A,D,CNY,EUR,SP00,A,2026-06-29,7.7492
EXR.D.CNY.EUR.SP00.A,D,CNY,EUR,SP00,A,2026-06-30,7.7314
EXR.D.CNY.EUR.SP00.A,D,CNY,EUR,SP00,A,2026-07-01,7.7342
EXR.D.CNY.EUR.SP00.A,D,CNY,EUR,SP00,A,2026-07-02,7.7388
EXR.D.CNY.EUR.SP00.A,D,CNY,EUR,SP00,A,2026-07-03,7.7634
EXR.D.CNY.EUR.SP00.A,D,CNY,EUR,SP00,A,2026-07-06,7.7573
EXR.D.CNY.EUR.SP00.A,D,CNY,EUR,SP00,A,2026-07-07,7.767
EXR.D.CNY.EUR.SP00.A,D,CNY,EUR,SP00,A,2026-07-08,7.755
EXR.D.CNY.EUR.SP00.A,D,CNY,EUR,SP00,A,2026-07-09,7.7712
EXR.D.CNY.EUR.SP00.A,D,CNY,EUR,SP00,A,2026-07-10,7.7433
EXR.D.CNY.EUR.SP00.A,D,CNY,EUR,SP00,A,2026-07-13,7.7427
EXR.D.CNY.EUR.SP00.A,D,CNY,EUR,SP00,A,2026-07-14,7.7327
EXR.D.CNY.EUR.SP00.A,D,CNY,EUR,SP00,A,2026-07-15,7.7268
EXR.D.CNY.EUR.SP00.A,D,CNY,EUR,SP00,A,2026-07-16,7.7596
EXR.D.CNY.EUR.SP00.A,D,CNY,EUR,SP00,A,2026-07-17,7.7501
EXR.D.CNY.EUR.SP00.A,D,CNY,EUR,SP00,A,2026-07-20,7.7319
EXR.D.CNY.EUR.SP00.A,D,CNY,EUR,SP00,A,2026-07-21,7.7255
EXR.D.CNY.EUR.SP00.A,D,CNY,EUR,SP00,A,2026-07-22,7.7266
EXR.D.CNY.EUR.SP00.A,D,CNY,EUR,SP00,A,2026-07-23,7.7127
EXR.D.CNY.EUR.SP00.A,D,CNY,EUR,SP00,A,2026-07-24,7.7047
EXR.D.CNY.EUR.SP00.A,D,CNY,EUR,SP00,A,2026-07-27,7.7059
EXR.D.CNY.EUR.SP00.A,D,CNY,EUR,SP00,A,2026-07-28,7.6969
EXR.D.CNY.EUR.SP00.A,D,CNY,EUR,SP00,A,2026-07-29,7.7
EXR.D.CNY.EUR.SP00.A,D,CNY,EUR,SP00,A,2026-07-30,7.7521
EXR.D.CNY.EUR.SP00.A,D,CNY,EUR,SP00,A,2026-07-31,7.7539
EXR.D.CNY.EUR.SP00.A,D,CNY,EUR,SP00,A,2026-08-03,7.7891
EXR.D.CNY.EUR.SP00.A,D,CNY,EUR,SP00,A,2026-08-04,7.7767
EXR.D.CNY.EUR.SP00.A,D,CNY,EUR,SP00,A,2026-08-05,7.7989
EXR.D.CNY.EUR.SP00.A,D,CNY,EUR,SP00,A,2026-08-06,7.7898
EXR.D.CNY.EUR.SP00.A,D,CNY,EUR,SP00,A,2026-08-07,7.7834
EXR.D.CNY.EUR.SP00.A,D,CNY,EUR,SP00,A,2026-08-10,7.7931
EXR.D.CNY.EUR.SP00.A,D,CNY,EUR,SP00,A,2026-08-11,7.7841
EXR.D.CNY.EUR.SP00.A,D,CNY,EUR,SP00,A,2026-08-12,7.785
EXR.D.CNY.EUR.SP00.A,D,CNY,EUR,SP00,A,2026-08-13,7.7774
EXR.D.CNY.EUR.SP00.A,D,CNY,EUR,SP00,A,2026-08-14,7.7977
EXR.D.CNY.EUR.SP00.A,D,CNY,EUR,SP00,A,2026-08-17,7.813
EXR.D.CNY.EUR.SP00.A,D,CNY,EUR,SP00,A,2026-08-18,7.8049
EXR.D.CNY.EUR.SP00.A,D,CNY,EUR,SP00,A,2026-08-19,7.8197
EXR.D.CNY.EUR.SP00.A,D,CNY,EUR,SP00,A,2026-08-20,7.8538
EXR.D.CNY.EUR.SP00.A,D,CNY,EUR,SP00,A,2026-08-21,7.8624
EXR.D.CNY.EUR.SP00.A,D,CNY,EUR,SP00,A,2026-08-24,7.8414
EXR.D.CNY.EUR.SP00.A,D,CNY,EUR,SP00,A,2026-08-25,7.8366
EXR.D.CNY.EUR.SP00.A,D,CNY,EUR,SP00,A,2026-08-26,7.8422
EXR.D.CNY.EUR.SP00.A,D,CNY,EUR,SP00,A,2026-08-27,7.8258
EXR.D.CNY.EUR.SP00.A,D,CNY,EUR,SP00,A,2026-08-28,7.8251
EXR.D.CNY.EUR.SP00.A,D,CNY,EUR,SP00,A,2026-08-31,7.7922
EXR.D.CNY.EUR.SP00.A,D,CNY,EUR,SP00,A,2026-09-01,7.7911
EXR.D.CNY.EUR.SP00.A,D,CNY,EUR,SP00,A,2026-09-02,7.7822
EXR.D.CNY.EUR.SP00.A,D,CNY,EUR,SP00,A,2026-09-03,7.8042
EXR.D.CNY.EUR.SP00.A,D,CNY,EUR,SP00,A,2026-09-04,7.7994
EXR.D.CNY.EUR.SP00.A,D,CNY,EUR,SP00,A,2026-09-07,7.7995
EXR.D.CNY.EUR.SP00.A,D,CNY,EUR,SP00,A,2026-09-08,7.7936
EXR.D.CNY.EUR.SP00.A,D,CNY,EUR,SP00,A,2026-09-09,7.8159
EXR.D.CNY.EUR.SP00.A,D,CNY,EUR,SP00,A,2026-09-10,7.79
EXR.D.CNY.EUR.SP00.A,D,CNY,EUR,SP00,A,2026-09-11,7.7762
EXR.D.CNY.EUR.SP00.A,D,CNY,EUR,SP00,A,2026-09-14,7.7489
EXR.D.CNY.EUR.SP00.A,D,CNY,EUR,SP00,A,2026-09-15,7.7444
EXR.D.CNY.EUR.SP00.A,D,CNY,EUR,SP00,A,2026-09-16,7.738
EXR.D.CNY.EUR.SP00.A,D,CNY,EUR,SP00,A,2026-09-17,7.7009
EXR.D.CNY.EUR.SP00.A,D,CNY,EUR,SP00,A,2026-09-18,7.6755
EXR.D.CNY.EUR.SP00.A,D,CNY,EUR,SP00,A,2026-09-21,7.693
EXR.D.CNY.EUR.SP00.A,D,CNY,EUR,SP00,A,2026-09-22,7.6803
EXR.D.CNY.EUR.SP00.A,D,CNY,EUR,SP00,A,2026-09-23,7.6538
EXR.D.CNY.EUR.SP00.A,D,CNY,EUR,SP00,A,2026-09-24,7.6302
EXR.D.CNY.EUR.SP00.A,D,CNY,EUR,SP00,A,2026-09-25,7.6551
EXR.D.CNY.EUR.SP00.A,D,CNY,EUR,SP00,A,2026-09-28,7.6352
EXR.D.CNY.EUR.SP00.A,D,CNY,EUR,SP00,A,2026-09-29,7.6117
EXR.D.GBP.EUR.SP00.A,D,GBP,EUR,SP00,A,2026-06-01,0.86493
EXR.D.GBP.EUR.SP00.A,D,GBP,EUR,SP00,A,2026-06-02,0.86465
EXR.D.GBP.EUR.SP00.A,D,GBP,EUR,SP00,A,2026-06-03,0.8637
EXR.D.GBP.EUR.SP00.A,D,GBP,EUR,SP00,A,2026-06-04,0.8649
EXR.D.GBP.EUR.SP00.A,D,GBP,EUR,SP00,A,2026-06-05,0.86433
EXR.D.GBP.EUR.SP00.A,D,GBP,EUR,SP00,A,2026-06-08,0.8636
EXR.D.GBP.EUR.SP00.A,D,GBP,EUR,SP00,A,2026-06-09,0.8634
EXR.D.GBP.EUR.SP00.A,D,GBP,EUR,SP00,A,2026-06-10,0.86228
EXR.D.GBP.EUR.SP00.A,D,GBP,EUR,SP00,A,2026-06-11,0.8633
EXR.D.GBP.EUR.SP00.A,D,GBP,EUR,SP00,A,2026-06-12,0.86305
EXR.D.GBP.EUR.SP00.A,D,GBP,EUR,SP00,A,2026-06-15,0.86483
EXR.D.GBP.EUR.SP00.A,D,GBP,EUR,SP00,A,2026-06-16,0.86471
EXR.D.GBP.EUR.SP00.A,D,GBP,EUR,SP00,A,2026-06-17,0.86463
EXR.D.GBP.EUR.SP00.A,D,GBP,EUR,SP00,A,2026-06-18,0.86638
EXR.D.GBP.EUR.SP00.A,D,GBP,EUR,SP00,A,2026-06-19,0.86653
EXR.D.GBP.EUR.SP00.A,D,GBP,EUR,SP00,A,2026-06-22,0.86468
EXR.D.GBP.EUR.SP00.A,D,GBP,EUR,SP00,A,2026-06-23,0.862
EXR.D.GBP.EUR.SP00.A,D,GBP,EUR,SP00,A,2026-06-24,0.86165
EXR.D.GBP.EUR.SP00.A,D,GBP,EUR,SP00,A,2026-06-25,0.86183
EXR.D.GBP.EUR.SP00.A,D,GBP,EUR,SP00,A,2026-06-26,0.86253
EXR.D.GBP.EUR.SP00.A,D,GBP,EUR,SP00,A,2026-06-29,0.86215
EXR.D.GBP.EUR.SP00.A,D,GBP,EUR,SP00,A,2026-06-30,0.86178
EXR.D.GBP.EUR.SP00.A,D,GBP,EUR,SP00,A,2026-07-01,0.85973
EXR.D.GBP.EUR.SP00.A,D,GBP,EUR,SP00,A,2026-07-02,0.85665
EXR.D.GBP.EUR.SP00.A,D,GBP,EUR,SP00,A,2026-07-03,0.8572
EXR.D.GBP.EUR.SP00.A,D,GBP,EUR,SP00,A,2026-07-06,0.85538
EXR.D.GBP.EUR.SP00.A,D,GBP,EUR,SP00,A,2026-07-07,0.85411
EXR.D.GBP.EUR.SP00.A,D,GBP,EUR,SP00,A,2026-07-08,0.85435
EXR.D.GBP.EUR.SP00.A,D,GBP,EUR,SP00,A,2026-07-09,0.85363
EXR.D.GBP.EUR.SP00.A,D,GBP,EUR,SP00,A,2026-07-10,0.85155
EXR.D.GBP.EUR.SP00.A,D,GBP,EUR,SP00,A,2026-07-13,0.8533
EXR.D.GBP.EUR.SP00.A,D,GBP,EUR,SP00,A,2026-07-14,0.85215
EXR.D.GBP.EUR.SP00.A,D,GBP,EUR,SP00,A,2026-07-15,0.85093
EXR.D.GBP.EUR.SP00.A,D,GBP,EUR,SP00,A,2026-07-16,0.84873
EXR.D.GBP.EUR.SP00.A,D,GBP,EUR,SP00,A,2026-07-17,0.85098
EXR.D.GBP.EUR.SP00.A,D,GBP,EUR,SP00,A,2026-07-20,0.84888
EXR.D.GBP.EUR.SP00.A,D,GBP,EUR,SP00,A,2026-07-21,0.85205
EXR.D.GBP.EUR.SP00.A,D,GBP,EUR,SP00,A,2026-07-22,0.8534
EXR.D.GBP.EUR.SP00.A,D,GBP,EUR,SP00,A,2026-07-23,0.85318
EXR.D.GBP.EUR.SP00.A,D,GBP,EUR,SP00,A,2026-07-24,0.85388
EXR.D.GBP.EUR.SP00.A,D,GBP,EUR,SP00,A,2026-07-27,0.85524
EXR.D.GBP.EUR.SP00.A,D,GBP,EUR,SP00,A,2026-07-28,0.8555
EXR.D.GBP.EUR.SP00.A,D,GBP,EUR,SP00,A,2026-07-29,0.85635
EXR.D.GBP.EUR.SP00.A,D,GBP,EUR,SP00,A,2026-07-30,0.85715
EXR.D.GBP.EUR.SP00.A,D,GBP,EUR,SP00,A,2026-07-31,0.85573
EXR.D.GBP.EUR.SP00.A,D,GBP,EUR,SP00,A,2026-08-03,0.85633
EXR.D.GBP.EUR.SP00.A,D,GBP,EUR,SP00,A,2026-08-04,0.85639
EXR.D.GBP.EUR.SP00.A,D,GBP,EUR,SP00,A,2026-08-05,0.8572
EXR.D.GBP.EUR.SP00.A,D,GBP,EUR,SP00,A,2026-08-06,0.85705
EXR.D.GBP.EUR.SP00.A,D,GBP,EUR,SP00,A,2026-08-07,0.85765
EXR.D.GBP.EUR.SP00.A,D,GBP,EUR,SP00,A,2026-08-10,0.85565
EXR.D.GBP.EUR.SP00.A,D,GBP,EUR,SP00,A,2026-08-11,0.85483
EXR.D.GBP.EUR.SP00.A,D,GBP,EUR,SP00,A,2026-08-12,0.85358
EXR.D.GBP.EUR.SP00.A,D,GBP,EUR,SP00,A,2026-08-13,0.8549
EXR.D.GBP.EUR.SP00.A,D,GBP,EUR,SP00,A,2026-08-14,0.8545
EXR.D.GBP.EUR.SP00.A,D,GBP,EUR,SP00,A,2026-08-17,0.855
EXR.D.GBP.EUR.SP00.A,D,GBP,EUR,SP00,A,2026-08-18,0.85585
EXR.D.GBP.EUR.SP00.A,D,GBP,EUR,SP00,A,2026-08-19,0.85608
EXR.D.GBP.EUR.SP00.A,D,GBP,EUR,SP00,A,2026-08-20,0.85725
EXR.D.GBP.EUR.SP00.A,D,GBP,EUR,SP00,A,2026-08-21,0.8567
EXR.D.GBP.EUR.SP00.A,D,GBP,EUR,SP00,A,2026-08-24,0.8555
EXR.D.GBP.EUR.SP00.A,D,GBP,EUR,SP00,A,2026-08-25,0.8555
EXR.D.GBP.EUR.SP00.A,D,GBP,EUR,SP00,A,2026-08-26,0.85613
EXR.D.GBP.EUR.SP00.A,D,GBP,EUR,SP00,A,2026-08-27,0.8574
EXR.D.GBP.EUR.SP00.A,D,GBP,EUR,SP00,A,2026-08-28,0.8572
EXR.D.GBP.EUR.SP00.A,D,GBP,EUR,SP00,A,2026-08-31,0.85648
EXR.D.GBP.EUR.SP00.A,D,GBP,EUR,SP00,A,2026-09-01,0.85655
EXR.D.GBP.EUR.SP00.A,D,GBP,EUR,SP00,A,2026-09-02,0.8587
EXR.D.GBP.EUR.SP00.A,D,GBP,EUR,SP00,A,2026-09-03,0.86055
EXR.D.GBP.EUR.SP00.A,D,GBP,EUR,SP00,A,2026-09-04,0.85898
EXR.D.GBP.EUR.SP00.A,D,GBP,EUR,SP00,A,2026-09-07,0.85894
EXR.D.GBP.EUR.SP00.A,D,GBP,EUR,SP00,A,2026-09-08,0.8574
EXR.D.GBP.EUR.SP00.A,D,GBP,EUR,SP00,A,2026-09-09,0.85898
EXR.D.GBP.EUR.SP00.A,D,GBP,EUR,SP00,A,2026-09-10,0.85915
EXR.D.GBP.EUR.SP00.A,D,GBP,EUR,SP00,A,2026-09-11,0.85815
EXR.D.GBP.EUR.SP00.A,D,GBP,EUR,SP00,A,2026-09-14,0.85598
EXR.D.GBP.EUR.SP00.A,D,GBP,EUR,SP00,A,2026-09-15,0.8558
EXR.D.GBP.EUR.SP00.A,D,GBP,EUR,SP00,A,2026-09-16,0.8574
EXR.D.GBP.EUR.SP00.A,D,GBP,EUR,SP00,A,2026-09-17,0.8583
EXR.D.GBP.EUR.SP00.A,D,GBP,EUR,SP00,A,2026-09-18,0.8588
EXR.D.GBP.EUR.SP00.A,D,GBP,EUR,SP00,A,2026-09-21,0.8578
EXR.D.GBP.EUR.SP00.A,D,GBP,EUR,SP00,A,2026-09-22,0.8578
EXR.D.GBP.EUR.SP00.A,D,GBP,EUR,SP00,A,2026-09-23,0.8595
EXR.D.GBP.EUR.SP00.A,D,GBP,EUR,SP00,A,2026-09-24,0.85986
EXR.D.GBP.EUR.SP00.A,D,GBP,EUR,SP00,A,2026-09-25,0.86045
EXR.D.GBP.EUR.SP00.A,D,GBP,EUR,SP00,A,2026-09-28,0.85785
EXR.D.GBP.EUR.SP00.A,D,GBP,EUR,SP00,A,2026-09-29,0.85718
EXR.D.USD.EUR.SP00.A,D,USD,EUR,SP00,A,2026-06-01,1.1646
EXR.D.USD.EUR.SP00.A,D,USD,EUR,SP00,A,2026-06-02,1.1649
EXR.D.USD.EUR.SP00.A,D,USD,EUR,SP00,A,2026-06-03,1.1614
EXR.D.USD.EUR.SP00.A,D,USD,EUR,SP00,A,2026-06-04,1.164
EXR.D.USD.EUR.SP00.A,D,USD,EUR,SP00,A,2026-06-05,1.164
EXR.D.USD.EUR.SP00.A,D,USD,EUR,SP00,A,2026-06-08,1.154
EXR.D.USD.EUR.SP00.A,D,USD,EUR,SP00,A,2026-06-09,1.1573
EXR.D.USD.EUR.SP00.A,D,USD,EUR,SP00,A,2026-06-10,1.1539
EXR.D.USD.EUR.SP00.A,D,USD,EUR,SP00,A,2026-06-11,1.1537
EXR.D.USD.EUR.SP00.A,D,USD,EUR,SP00,A,2026-06-12,1.1567
EXR.D.USD.EUR.SP00.A,D,USD,EUR,SP00,A,2026-06-15,1.1607
EXR.D.USD.EUR.SP00.A,D,USD,EUR,SP00,A,2026-06-16,1.1594
EXR.D.USD.EUR.SP00.A,D,USD,EUR,SP00,A,2026-06-17,1.1591
EXR.D.USD.EUR.SP00.A,D,USD,EUR,SP00,A,2026-06-18,1.1461
EXR.D.USD.EUR.SP00.A,D,USD,EUR,SP00,A,2026-06-19,1.1467
EXR.D.USD.EUR.SP00.A,D,USD,EUR,SP00,A,2026-06-22,1.1456
EXR.D.USD.EUR.SP00.A,D,USD,EUR,SP00,A,2026-06-23,1.1392
EXR.D.USD.EUR.SP00.A,D,USD,EUR,SP00,A,2026-06-24,1.134
EXR.D.USD.EUR.SP00.A,D,USD,EUR,SP00,A,2026-06-25,1.1342
EXR.D.USD.EUR.SP00.A,D,USD,EUR,SP00,A,2026-06-26,1.1401
EXR.D.USD.EUR.SP00.A,D,USD,EUR,SP00,A,2026-06-29,1.1406
EXR.D.USD.EUR.SP00.A,D,USD,EUR,SP00,A,2026-06-30,1.1394
EXR.D.USD.EUR.SP00.A,D,USD,EUR,SP00,A,2026-07-01,1.1383
EXR.D.USD.EUR.SP00.A,D,USD,EUR,SP00,A,2026-07-02,1.1399
EXR.D.USD.EUR.SP00.A,D,USD,EUR,SP00,A,2026-07-03,1.1448
EXR.D.USD.EUR.SP00.A,D,USD,EUR,SP00,A,2026-07-06,1.1415
EXR.D.USD.EUR.SP00.A,D,USD,EUR,SP00,A,2026-07-07,1.1433
EXR.D.USD.EUR.SP00.A,D,USD,EUR,SP00,A,2026-07-08,1.1404
EXR.D.USD.EUR.SP00.A,D,USD,EUR,SP00,A,2026-07-09,1.1435
EXR.D.USD.EUR.SP00.A,D,USD,EUR,SP00,A,2026-07-10,1.143
EXR.D.USD.EUR.SP00.A,D,USD,EUR,SP00,A,2026-07-13,1.1424
EXR.D.USD.EUR.SP00.A,D,USD,EUR,SP00,A,2026-07-14,1.1405
EXR.D.USD.EUR.SP00.A,D,USD,EUR,SP00,A,2026-07-15,1.1406
EXR.D.USD.EUR.SP00.A,D,USD,EUR,SP00,A,2026-07-16,1.1467
EXR.D.USD.EUR.SP00.A,D,USD,EUR,SP00,A,2026-07-17,1.1435
EXR.D.USD.EUR.SP00.A,D,USD,EUR,SP00,A,2026-07-20,1.1426
EXR.D.USD.EUR.SP00.A,D,USD,EUR,SP00,A,2026-07-21,1.1418
EXR.D.USD.EUR.SP00.A,D,USD,EUR,SP00,A,2026-07-22,1.1408
EXR.D.USD.EUR.SP00.A,D,USD,EUR,SP00,A,2026-07-23,1.1392
EXR.D.USD.EUR.SP00.A,D,USD,EUR,SP00,A,2026-07-24,1.1377
EXR.D.USD.EUR.SP00.A,D,USD,EUR,SP00,A,2026-07-27,1.1389
EXR.D.USD.EUR.SP00.A,D,USD,EUR,SP00,A,2026-07-28,1.1367
EXR.D.USD.EUR.SP00.A,D,USD,EUR,SP00,A,2026-07-29,1.138
EXR.D.USD.EUR.SP00.A,D,USD,EUR,SP00,A,2026-07-30,1.1476
EXR.D.USD.EUR.SP00.A,D,USD,EUR,SP00,A,2026-07-31,1.1485
EXR.D.USD.EUR.SP00.A,D,USD,EUR,SP00,A,2026-08-03,1.1535
EXR.D.USD.EUR.SP00.A,D,USD,EUR,SP00,A,2026-08-04,1.1515
EXR.D.USD.EUR.SP00.A,D,USD,EUR,SP00,A,2026-08-05,1.1554
EXR.D.USD.EUR.SP00.A,D,USD,EUR,SP00,A,2026-08-06,1.1542
EXR.D.USD.EUR.SP00.A,D,USD,EUR,SP00,A,2026-08-07,1.1535
EXR.D.USD.EUR.SP00.A,D,USD,EUR,SP00,A,2026-08-10,1.1555
EXR.D.USD.EUR.SP00.A,D,USD,EUR,SP00,A,2026-08-11,1.154
EXR.D.USD.EUR.SP00.A,D,USD,EUR,SP00,A,2026-08-12,1.1545
EXR.D.USD.EUR.SP00.A,D,USD,EUR,SP00,A,2026-08-13,1.1534
EXR.D.USD.EUR.SP00.A,D,USD,EUR,SP00,A,2026-08-14,1.1567
EXR.D.USD.EUR.SP00.A,D,USD,EUR,SP00,A,2026-08-17,1.1593
EXR.D.USD.EUR.SP00.A,D,USD,EUR,SP00,A,2026-08-18,1.1576
EXR.D.USD.EUR.SP00.A,D,USD,EUR,SP00,A,2026-08-19,1.1605
EXR.D.USD.EUR.SP00.A,D,USD,EUR,SP00,A,2026-08-20,1.1681
EXR.D.USD.EUR.SP00.A,D,USD,EUR,SP00,A,2026-08-21,1.1699
EXR.D.USD.EUR.SP00.A,D,USD,EUR,SP00,A,2026-08-24,1.1664
EXR.D.USD.EUR.SP00.A,D,USD,EUR,SP00,A,2026-08-25,1.1662
EXR.D.USD.EUR.SP00.A,D,USD,EUR,SP00,A,2026-08-26,1.1669
EXR.D.USD.EUR.SP00.A,D,USD,EUR,SP00,A,2026-08-27,1.1645
EXR.D.USD.EUR.SP00.A,D,USD,EUR,SP00,A,2026-08-28,1.1643
EXR.D.USD.EUR.SP00.A,D,USD,EUR,SP00,A,2026-08-31,1.1596
EXR.D.USD.EUR.SP00.A,D,USD,EUR,SP00,A,2026-09-01,1.159
EXR.D.USD.EUR.SP00.A,D,USD,EUR,SP00,A,2026-09-02,1.1578
EXR.D.USD.EUR.SP00.A,D,USD,EUR,SP00,A,2026-09-03,1.1615
EXR.D.USD.EUR.SP00.A,D,USD,EUR,SP00,A,2026-09-04,1.1622
EXR.D.USD.EUR.SP00.A,D,USD,EUR,SP00,A,2026-09-07,1.1622
EXR.D.USD.EUR.SP00.A,D,USD,EUR,SP00,A,2026-09-08,1.1614
EXR.D.USD.EUR.SP00.A,D,USD,EUR,SP00,A,2026-09-09,1.1652
EXR.D.USD.EUR.SP00.A,D,USD,EUR,SP00,A,2026-09-10,1.1616
EXR.D.USD.EUR.SP00.A,D,USD,EUR,SP00,A,2026-09-11,1.1592
EXR.D.USD.EUR.SP00.A,D,USD,EUR,SP00,A,2026-09-14,1.1551
EXR.D.USD.EUR.SP00.A,D,USD,EUR,SP00,A,2026-09-15,1.1539
EXR.D.USD.EUR.SP00.A,D,USD,EUR,SP00,A,2026-09-16,1.1537
EXR.D.USD.EUR.SP00.A,D,USD,EUR,SP00,A,2026-09-17,1.1481
EXR.D.USD.EUR.SP00.A,D,USD,EUR,SP00,A,2026-09-18,1.146
EXR.D.USD.EUR.SP00.A,D,USD,EUR,SP00,A,2026-09-21,1.149
EXR.D.USD.EUR.SP00.A,D,USD,EUR,SP00,A,2026-09-22,1.1463
EXR.D.USD.EUR.SP00.A,D,USD,EUR,SP00,A,2026-09-23,1.1411
EXR.D.USD.EUR.SP00.A,D,USD,EUR,SP00,A,2026-09-24,1.1367
EXR.D.USD.EUR.SP00.A,D,USD,EUR,SP00,A,2026-09-25,1.1403
EXR.D.USD.EUR.SP00.A,D,USD,EUR,SP00,A,2026-09-28,1.1378
EXR.D.USD.EUR.SP00.A,D,USD,EUR,SP00,A,2026-09-29,1.1355
EXR.D.ZAR.EUR.SP00.A,D,ZAR,EUR,SP00,A,2026-06-01,18.9289
EXR.D.ZAR.EUR.SP00.A,D,ZAR,EUR,SP00,A,2026-06-02,18.8756
EXR.D.ZAR.EUR.SP00.A,D,ZAR,EUR,SP00,A,2026-06-03,18.8963
EXR.D.ZAR.EUR.SP00.A,D,ZAR,EUR,SP00,A,2026-06-04,18.9027
EXR.D.ZAR.EUR.SP00.A,D,ZAR,EUR,SP00,A,2026-06-05,18.9389
EXR.D.ZAR.EUR.SP00.A,D,ZAR,EUR,SP00,A,2026-06-08,18.9991
EXR.D.ZAR.EUR.SP00.A,D,ZAR,EUR,SP00,A,2026-06-09,19.0416
EXR.D.ZAR.EUR.SP00.A,D,ZAR,EUR,SP00,A,2026-06-10,19.1568
EXR.D.ZAR.EUR.SP00.A,D,ZAR,EUR,SP00,A,2026-06-11,19.0392
EXR.D.ZAR.EUR.SP00.A,D,ZAR,EUR,SP00,A,2026-06-12,18.8571
EXR.D.ZAR.EUR.SP00.A,D,ZAR,EUR,SP00,A,2026-06-15,18.8194
EXR.D.ZAR.EUR.SP00.A,D,ZAR,EUR,SP00,A,2026-06-16,18.7702
EXR.D.ZAR.EUR.SP00.A,D,ZAR,EUR,SP00,A,2026-06-17,18.8026
EXR.D.ZAR.EUR.SP00.A,D,ZAR,EUR,SP00,A,2026-06-18,18.8311
EXR.D.ZAR.EUR.SP00.A,D,ZAR,EUR,SP00,A,2026-06-19,18.8907
EXR.D.ZAR.EUR.SP00.A,D,ZAR,EUR,SP00,A,2026-06-22,18.8014
EXR.D.ZAR.EUR.SP00.A,D,ZAR,EUR,SP00,A,2026-06-23,18.7785
EXR.D.ZAR.EUR.SP00.A,D,ZAR,EUR,SP00,A,2026-06-24,18.8398
EXR.D.ZAR.EUR.SP00.A,D,ZAR,EUR,SP00,A,2026-06-25,18.7841
EXR.D.ZAR.EUR.SP00.A,D,ZAR,EUR,SP00,A,2026-06-26,18.7666
EXR.D.ZAR.EUR.SP00.A,D,ZAR,EUR,SP00,A,2026-06-29,18.7233
EXR.D.ZAR.EUR.SP00.A,D,ZAR,EUR,SP00,A,2026-06-30,18.6544
EXR.D.ZAR.EUR.SP00.A,D,ZAR,EUR,SP00,A,2026-07-01,18.7064
EXR.D.ZAR.EUR.SP00.A,D,ZAR,EUR,SP00,A,2026-07-02,18.6687
EXR.D.ZAR.EUR.SP00.A,D,ZAR,EUR,SP00,A,2026-07-03,18.5606
EXR.D.ZAR.EUR.SP00.A,D,ZAR,EUR,SP00,A,2026-07-06,18.5318
EXR.D.ZAR.EUR.SP00.A,D,ZAR,EUR,SP00,A,2026-07-07,18.5647
EXR.D.ZAR.EUR.SP00.A,D,ZAR,EUR,SP00,A,2026-07-08,18.6831
EXR.D.ZAR.EUR.SP00.A,D,ZAR,EUR,SP00,A,2026-07-09,18.7213
EXR.D.ZAR.EUR.SP00.A,D,ZAR,EUR,SP00,A,2026-07-10,18.6557
EXR.D.ZAR.EUR.SP00.A,D,ZAR,EUR,SP00,A,2026-07-13,18.6938
EXR.D.ZAR.EUR.SP00.A,D,ZAR,EUR,SP00,A,2026-07-14,18.7748
EXR.D.ZAR.EUR.SP00.A,D,ZAR,EUR,SP00,A,2026-07-15,18.686
EXR.D.ZAR.EUR.SP00.A,D,ZAR,EUR,SP00,A,2026-07-16,18.7727
EXR.D.ZAR.EUR.SP00.A,D,ZAR,EUR,SP00,A,2026-07-17,18.8768
EXR.D.ZAR.EUR.SP00.A,D,ZAR,EUR,SP00,A,2026-07-20,18.8412
EXR.D.ZAR.EUR.SP00.A,D,ZAR,EUR,SP00,A,2026-07-21,18.7763
EXR.D.ZAR.EUR.SP00.A,D,ZAR,EUR,SP00,A,2026-07-22,18.7952
EXR.D.ZAR.EUR.SP00.A,D,ZAR,EUR,SP00,A,2026-07-23,18.7282
EXR.D.ZAR.EUR.SP00.A,D,ZAR,EUR,SP00,A,2026-07-24,19.1704
EXR.D.ZAR.EUR.SP00.A,D,ZAR,EUR,SP00,A,2026-07-27,19.0664
EXR.D.ZAR.EUR.SP00.A,D,ZAR,EUR,SP00,A,2026-07-28,19.0797
EXR.D.ZAR.EUR.SP00.A,D,ZAR,EUR,SP00,A,2026-07-29,19.0614
EXR.D.ZAR.EUR.SP00.A,D,ZAR,EUR,SP00,A,2026-07-30,19.03
EXR.D.ZAR.EUR.SP00.A,D,ZAR,EUR,SP00,A,2026-07-31,19.0364
EXR.D.ZAR.EUR.SP00.A,D,ZAR,EUR,SP00,A,2026-08-03,18.9979
EXR.D.ZAR.EUR.SP00.A,D,ZAR,EUR,SP00,A,2026-08-04,18.9316
EXR.D.ZAR.EUR.SP00.A,D,ZAR,EUR,SP00,A,2026-08-05,18.8869
EXR.D.ZAR.EUR.SP00.A,D,ZAR,EUR,SP00,A,2026-08-06,18.8244
EXR.D.ZAR.EUR.SP00.A,D,ZAR,EUR,SP00,A,2026-08-07,18.7136
EXR.D.ZAR.EUR.SP00.A,D,ZAR,EUR,SP00,A,2026-08-10,18.6928
EXR.D.ZAR.EUR.SP00.A,D,ZAR,EUR,SP00,A,2026-08-11,18.6706
EXR.D.ZAR.EUR.SP00.A,D,ZAR,EUR,SP00,A,2026-08-12,18.627
EXR.D.ZAR.EUR.SP00.A,D,ZAR,EUR,SP00,A,2026-08-13,18.5914
EXR.D.ZAR.EUR.SP00.A,D,ZAR,EUR,SP00,A,2026-08-14,18.6978
EXR.D.ZAR.EUR.SP00.A,D,ZAR,EUR,SP00,A,2026-08-17,18.7536
EXR.D.ZAR.EUR.SP00.A,D,ZAR,EUR,SP00,A,2026-08-18,18.7758
EXR.D.ZAR.EUR.SP00.A,D,ZAR,EUR,SP00,A,2026-08-19,18.8515
EXR.D.ZAR.EUR.SP00.A,D,ZAR,EUR,SP00,A,2026-08-20,18.8929
EXR.D.ZAR.EUR.SP00.A,D,ZAR,EUR,SP00,A,2026-08-21,18.7236
EXR.D.ZAR.EUR.SP00.A,D,ZAR,EUR,SP00,A,2026-08-24,18.6658
EXR.D.ZAR.EUR.SP00.A,D,ZAR,EUR,SP00,A,2026-08-25,18.645
EXR.D.ZAR.EUR.SP00.A,D,ZAR,EUR,SP00,A,2026-08-26,18.5724
EXR.D.ZAR.EUR.SP00.A,D,ZAR,EUR,SP00,A,2026-08-27,18.6155
EXR.D.ZAR.EUR.SP00.A,D,ZAR,EUR,SP00,A,2026-08-28,18.6309
EXR.D.ZAR.EUR.SP00.A,D,ZAR,EUR,SP00,A,2026-08-31,18.6885
EXR.D.ZAR.EUR.SP00.A,D,ZAR,EUR,SP00,A,2026-09-01,18.7246
EXR.D.ZAR.EUR.SP00.A,D,ZAR,EUR,SP00,A,2026-09-02,18.6341
EXR.D.ZAR.EUR.SP00.A,D,ZAR,EUR,SP00,A,2026-09-03,18.6273
EXR.D.ZAR.EUR.SP00.A,D,ZAR,EUR,SP00,A,2026-09-04,18.5571
EXR.D.ZAR.EUR.SP00.A,D,ZAR,EUR,SP00,A,2026-09-07,18.5856
EXR.D.ZAR.EUR.SP00.A,D,ZAR,EUR,SP00,A,2026-09-08,18.6103
EXR.D.ZAR.EUR.SP00.A,D,ZAR,EUR,SP00,A,2026-09-09,18.6896
EXR.D.ZAR.EUR.SP00.A,D,ZAR,EUR,SP00,A,2026-09-10,18.7559
EXR.D.ZAR.EUR.SP00.A,D,ZAR,EUR,SP00,A,2026-09-11,18.7312
EXR.D.ZAR.EUR.SP00.A,D,ZAR,EUR,SP00,A,2026-09-14,18.7695
EXR.D.ZAR.EUR.SP00.A,D,ZAR,EUR,SP00,A,2026-09-15,18.7777
EXR.D.ZAR.EUR.SP00.A,D,ZAR,EUR,SP00,A,2026-09-16,18.7684
EXR.D.ZAR.EUR.SP00.A,D,ZAR,EUR,SP00,A,2026-09-17,18.6595
EXR.D.ZAR.EUR.SP00.A,D,ZAR,EUR,SP00,A,2026-09-18,18.6482
EXR.D.ZAR.EUR.SP00.A,D,ZAR,EUR,SP00,A,2026-09-21,18.6819
EXR.D.ZAR.EUR.SP00.A,D,ZAR,EUR,SP00,A,2026-09-22,18.618
EXR.D.ZAR.EUR.SP00.A,D,ZAR,EUR,SP00,A,2026-09-23,18.6537
EXR.D.ZAR.EUR.SP00.A,D,ZAR,EUR,SP00,A,2026-09-24,18.6836
EXR.D.ZAR.EUR.SP00.A,D,ZAR,EUR,SP00,A,2026-09-25,18.5798
EXR.D.ZAR.EUR.SP00.A,D,ZAR,EUR,SP00,A,2026-09-28,18.651
EXR.D.ZAR.EUR.SP00.A,D,ZAR,EUR,SP00,A,2026-09-29,18.5887
