Oper Day,Hour Ending,HB_BUSAVG,HB_HOUSTON,HB_HUBAVG,HB_NORTH,HB_PAN,HB_SOUTH,HB_WEST,LZ_AEN,LZ_CPS,LZ_HOUSTON,LZ_LCRA,LZ_NORTH,LZ_RAYBN,LZ_SOUTH,LZ_WEST
09/28/2026,1,42.08,41.98,42.69,41.20,39.52,42.62,44.96,42.51,42.81,42.00,42.61,41.38,41.24,42.61,47.89
09/28/2026,2,38.43,38.31,39.10,37.47,35.69,39.05,41.57,38.92,39.27,38.33,39.04,37.61,37.47,39.06,44.98
09/28/2026,3,36.72,36.60,37.34,35.83,34.03,37.30,39.63,37.18,37.51,36.63,37.29,35.96,35.82,37.41,42.84
09/28/2026,4,35.79,35.68,36.43,34.87,33.20,36.36,38.81,36.24,36.58,35.70,36.35,35.02,34.89,36.38,42.33
09/28/2026,5,37.85,37.80,38.26,37.27,36.27,38.22,39.77,38.14,38.34,37.81,38.20,37.42,37.32,38.27,41.94
09/28/2026,6,42.26,42.21,42.71,41.60,40.45,42.70,44.35,42.62,42.83,42.22,42.63,41.75,41.65,42.69,46.93
09/28/2026,7,43.11,43.14,43.49,42.56,41.66,43.48,44.76,43.51,43.51,43.16,43.49,42.80,42.71,43.65,47.00
09/28/2026,8,42.82,42.83,43.38,41.99,40.73,43.39,45.29,43.40,43.46,42.86,43.40,42.22,42.10,43.57,48.40
09/28/2026,9,29.19,29.42,29.66,28.44,27.84,29.85,30.94,29.71,29.82,29.45,29.74,28.74,28.66,30.18,32.92
09/28/2026,10,24.74,25.00,24.93,24.32,24.18,25.42,24.97,24.87,24.82,25.16,24.87,24.49,24.47,26.91,25.49
09/28/2026,11,25.18,26.47,25.55,24.30,24.19,26.64,24.80,26.10,25.68,26.64,26.04,24.45,24.49,29.92,25.26
09/28/2026,12,27.32,30.94,28.19,25.24,25.15,30.61,25.98,30.44,29.48,31.19,30.33,25.36,25.48,35.47,26.64
09/28/2026,13,33.83,36.90,34.75,31.37,31.07,38.53,32.18,40.37,38.69,37.40,40.12,31.47,31.71,44.28,33.44
09/28/2026,14,37.82,41.22,39.02,34.45,33.70,44.71,35.70,49.84,45.63,42.28,49.42,35.02,34.98,53.24,38.79
09/28/2026,15,40.74,44.75,41.68,38.76,38.83,43.20,39.99,51.54,46.07,46.25,53.18,40.86,40.08,53.81,43.32
09/28/2026,16,41.58,46.71,42.64,40.16,40.35,40.97,42.71,69.13,41.39,48.15,64.04,44.27,41.99,54.57,46.99
09/28/2026,17,50.44,53.70,50.82,51.41,51.19,44.06,54.09,83.78,42.83,54.50,81.94,55.70,53.72,59.84,58.31
09/28/2026,18,63.99,63.71,63.38,68.10,66.54,50.59,71.13,89.40,50.67,62.78,80.29,72.75,69.93,65.11,75.32
09/28/2026,19,78.56,74.93,77.14,83.98,81.92,64.64,85.01,112.12,66.61,74.94,95.38,86.41,84.89,76.71,87.62
09/28/2026,20,72.26,70.93,71.70,75.00,73.74,64.41,76.48,90.70,65.41,70.27,80.80,76.59,75.82,70.07,78.52
09/28/2026,21,59.15,59.32,59.22,59.59,58.91,57.09,60.87,61.70,58.25,59.02,62.69,60.46,59.96,58.77,62.26
09/28/2026,22,41.88,42.00,42.00,41.83,40.61,41.46,42.71,42.34,42.01,41.98,43.20,41.99,41.89,41.67,43.53
09/28/2026,23,33.34,33.46,33.49,33.09,29.71,33.62,33.77,33.82,33.74,33.47,33.80,33.24,33.11,33.61,34.41
09/28/2026,24,27.50,27.61,27.60,27.31,25.78,27.76,27.74,27.88,27.79,27.62,27.84,27.42,27.28,27.72,28.19
